Antibody Name,Fab PDB,Variant,Spike RBD,Spike RBD PDB,HADDOCK Job Name,Fab Active Residues,RBD Active Residues,Submitted,Cluster,Job Tar File,HADDOCK score,HADDOCK score CB,Cluster size,RMSD from the overall lowest-energy structure,RMSD from the overall lowest-energy structure (+/-),Van der Waals energy,Van der Waals energy (+/-),Electrostatic energy,Electrostatic energy (+/-),Desolvation energy,Desolvation energy (+/-),Restraints violation energy,Restraints violation energy (+/-),Buried Surface Area,Surface Area (+/-),Z-Score,prodigy_deltaG_kcalpermol,prodigy_dissociation_constant_M,prodigy_deltaG_kcalpermol_37C,prodigy_dissociation_constant_M_37C
6-2C,7x2h_chainsHL_renumberedDplus1000.pdb,BA.2.86,BA.2.86,updated_BA286_relaxed_renumbered_updated.pdb,7z2h-BA_2_86_UPDATED_1,"26,27,28,29,30,31,32,
52,53,54,55,56,57,
74,75,76,
100,101,102,103,104,105,106,107,108,109,110,111,112,113,114,115,
1026,1027,1028,1029,1030,1031,1032,
1050,1051,
1055,1056,1057,1058,1059,1060,1061,
1066,1067,1068,1069,
1091,1092,1093,1094,1095","343,372,436,437,439,440,444,498,502'",Yes,2,7x2h_BA286_UPDATED.tgz,-78.5,6.6,18,17.7,0.2,-74.1,5.3,-165,12.3,-13.1,1.4,417.1,92.2,2124.3,95.7,-1.2,-10.7,1.50E-08,-10.7,3.00E-08
6-2C,7x2h_chainsHL_renumberedDplus1000.pdb,WT,WT,7x2h_chainF_RBD (1).pdb,7z2h_WT_UPDATED1_1,"26,27,28,29,30,31,32,
52,53,54,55,56,57,
74,75,76,
100,101,102,103,104,105,106,107,108,109,110,111,112,113,114,115,
1026,1027,1028,1029,1030,1031,1032,
1050,1051,
1055,1056,1057,1058,1059,1060,1061,
1066,1067,1068,1069,
1091,1092,1093,1094,1095","343,372,373,436,437,439,440,444,499,503'",Yes,1,273992-7z2h_WT_UPDATED1_1.tar,-106.4,2.5,145,0.5,0.4,-86.1,3.2,-205.8,32.7,-20,1.3,409.2,46.85,2267.1,68.4,-1.7,-14.2,3.70E-11,-14.2,9.30E-11
6-2C,7x2h_chainsHL_renumberedDplus1000.pdb,XBB.1.5,XBB.1.5,XBB15_af284_relaxed_rank_1_model_1_renumbered.pdb,7x2h_XBB_1_5_UPDATED1,"26,27,28,29,30,31,32,
52,53,54,55,56,57,
74,75,76,
100,101,102,103,104,105,106,107,108,109,110,111,112,113,114,115,
1026,1027,1028,1029,1030,1031,1032,
1050,1051,
1055,1056,1057,1058,1059,1060,1061,
1066,1067,1068,1069,
1091,1092,1093,1094,1095","343,372,373,437,439,440,444,499,503'",Yes,2,272229-7z2h_XBB_1_5_UPDATED1.tgz,-82.3,6.3,30,0.6,0.4,-64.2,4.5,-240.6,5.6,-11.6,2,415.9,64.03,2037.6,19.2,-1.1,-13.7,9.20E-11,-13.7,2.30E-10
6-2C,7x2h_chainsHL_renumberedDplus1000.pdb,BA.2,BA.2,BA_2_renumbered_and_relaxed.pdb,7z2h_BA2_UPDATED1,"26,27,28,29,30,31,32,
52,53,54,55,56,57,
74,75,76,
100,101,102,103,104,105,106,107,108,109,110,111,112,113,114,115,
1026,1027,1028,1029,1030,1031,1032,
1050,1051,
1055,1056,1057,1058,1059,1060,1061,
1066,1067,1068,1069,
1091,1092,1093,1094,1095","'343,372,373,436,437,439,440,444,499,503,508",Yes,1,272230-7z2h_BA2_UPDATED1.tgz,-90.7,3.2,48,0.7,0.4,-68.8,3.7,-216.4,12.3,-16,2.6,374.5,52.49,2209.7,47.6,-1.6,-13.4,1.40E-10,-13.4,3.40E-10
6-2C,7x2h_chainsHL_renumberedDplus1000.pdb,BA.1/B.1.1.529,BA.1/B.1.1.529,BA_1_7ykj_default.pdb,7x2h_BA_1_UPDATED1,"26,27,28,29,30,31,32,
52,53,54,55,56,57,
74,75,76,
100,101,102,103,104,105,106,107,108,109,110,111,112,113,114,115,
1026,1027,1028,1029,1030,1031,1032,
1050,1051,
1055,1056,1057,1058,1059,1060,1061,
1066,1067,1068,1069,
1091,1092,1093,1094,1095’",3.43E+29,Yes,9,273993-7x2h_BA_1_UPDATED1.tar,-73.3,2.5,7,11.3,0.9,-54.9,4.4,-229.4,15,-20,1.8,473.9,27.63,1965.3,136.9,-1.2,-9.9,0.000000058,-9.9,0.00000011
6-2C,7x2h_chainsHL_renumberedDplus1000.pdb,JN.1,JN.1,jn1_relaxed_renumberered.pdb,7x2h_JN1,"26,27,28,29,30,31,32,
52,53,54,55,56,57,
74,75,76,
100,101,102,103,104,105,106,107,108,109,110,111,112,113,114,115,
1026,1027,1028,1029,1030,1031,1032,
1050,1051,
1055,1056,1057,1058,1059,1060,1061,
1066,1067,1068,1069,
1091,1092,1093,1094,1095’","343,372,436,437,439,440,444,498,502'",Yes,4,313608-7x2h_JN1.tgz ,-88.8,2.2,18,10.6,0.4,-79.2,2.6,-118.2,4.8,-21.7,3,357,43.7,2095.1,31.1,-1.8,-12.1,1.30E-09,-12.1,2.90E-09
P3E6,7ykj_bivalent.pdb,BA.1/B.1.1.529,BA.1/B.1.1.529,BA_1_7ykj_default.pdb,7ykj_AB_BA_1_default_updated,"26,27,28,29,30,31,32,33,52,53,54,55,56,57,73,74,75,76,77,100,101,102,103,104,105,106,107,1025,1026,1027,1028,1029,1030,1031,1032,1051,1052,1053,1069,1070,1089,1090,1091,1092,1093,1094,1095,1096,1097'","500,439,443,444,440,345'",Yes,1,273961-7ykj_AB_BA_1_default_updated.tgz,-94.2,3.2,137,1.3,1.1,-61.6,3.1,-236,18.4,-1.6,2.9,161.8,26.05,1678.9,25.2,-1,-11.3,5.30E-09,-11.3,0.000000011
P3E6,7ykj_bivalent.pdb,XBB.1.5,XBB.1.5,XBB15_af284_relaxed_rank_1_model_1_renumbered.pdb,XBB_1_5_7ykj_updated,"26,27,28,29,30,31,32,33,52,53,54,55,56,57,73,74,75,76,77,100,101,102,103,104,105,106,107,1025,1026,1027,1028,1029,1030,1031,1032,1051,1052,1053,1069,1070,1089,1090,1091,1092,1093,1094,1095,1096,1097'","500,439,443,444,440,345'",Yes,1,273962-XBB_1_5_7ykj_updated.tgz,-70.3,6.4,103,1.9,1.3,-54.2,9,-181.9,63.1,-10.7,3.2,309.6,54.29,1567.8,34.9,-1.9,-11.2,6.50E-09,-11.2,0.000000014
P3E6,7ykj_bivalent.pdb,BA.2,BA.2,BA_2_renumbered_and_relaxed.pdb,BA_2_7ykj_updated,"26,27,28,29,30,31,32,33,52,53,54,55,56,57,73,74,75,76,77,100,101,102,103,104,105,106,107,1025,1026,1027,1028,1029,1030,1031,1032,1051,1052,1053,1069,1070,1089,1090,1091,1092,1093,1094,1095,1096,1097","500,439,443,444,440,345'",Yes,2,273964-BA_2_7ykj_updated.tgz,-77.9,6.1,40,0.9,0.5,-54.2,4.1,-238.9,15.9,-0.6,3.9,247,45.45,1614.1,24.9,-1.6,-11.2,6.10E-09,-11.2,0.000000013
P3E6,7ykj_bivalent.pdb,BA.2.86,BA.2.86,updated_BA286_relaxed_renumbered_updated.pdb,BA_286_7ykj_updated,"26,27,28,29,30,31,32,33,52,53,54,55,56,57,73,74,75,76,77,100,101,102,103,104,105,106,107,1025,1026,1027,1028,1029,1030,1031,1032,1051,1052,1053,1069,1070,1089,1090,1091,1092,1093,1094,1095,1096,1097","499,439,443,444,440,345'",Yes,2,313609-7ykj_BA286_UPDATED.tgz�,-87.9,7.8,67,1.1,0.7,-64.5,3.4,-157.1,20.9,-11.2,1.7,191.6,52.2,1593.6,43.8,-1.6,-10.9,1.10E-08,-10.9,2.20E-08
P3E6,7ykj_bivalent.pdb,WT,WT,7x2h_chainF_RBD (1) .pdb,7ykj_bivalent_WT_dock,"26,27,28,29,30,31,32,33,52,53,54,55,56,57,73,74,75,76,77,100,101,102,103,104,105,106,107,1025,1026,1027,1028,1029,1030,1031,1032,1051,1052,1053,1069,1070,1089,1090,1091,1092,1093,1094,1095,1096,1097","500, 439, 443, 444, 345'",Yes,5,273966-7ykj_bivalent_WT_dock.tgz,-71.5,3.2,7,1.8,2.2,-65.8,2.9,-119.6,23.8,-7.9,5.4,261,52.77,1704.3,28.3,-1.1,-10.2,0.000000032,-10.2,0.000000062
P3E6,7ykj_bivalent.pdb,JN.1,JN.1,jn1_relaxed_renumberered.pdb,7ykj_JN1,"26,27,28,29,30,31,32,33,52,53,54,55,56,57,73,74,75,76,77,100,101,102,103,104,105,106,107,1025,1026,1027,1028,1029,1030,1031,1032,1051,1052,1053,1069,1070,1089,1090,1091,1092,1093,1094,1095,1096,1097","499,439,443,444,440,345'",Yes,1,313610-7ykj_JN1.tgz,-86.6,3,83,0.9,0.6,-63.1,1.4,-157.6,10.3,-10.5,2,184.9,41.6,1653.1,27.2,-1.5,-10.9,1.00E-08,-10.9,2.10E-08
10-5B,7xd2_renumbered.pdb,WT,WT,7xd2_RBD_WT.pdb,7xd2_WT_default_dock,"3,4,24,25,26,27,28,29,30,31,32,50,51,52,53,54,70,71,72,73,74,95,96,97,98,99,100,101,102,103,104,105,106,107, 1026,1027,1028,1029,1030,1031,1032,1033,1034,1035,1049,1050,1052,1053,1054,1055,1056,1057,1058,1059,1091,1092,1093,1094","485,484,489,494'",Yes,5,274242-7xd2_WT_default_dock.tgz,-113.4,11.9,13,1.1,0.7,-83.7,2.7,-199.6,11.7,-24.8,1.8,349.6,83.35,2449.6,73.4,-1.2,-12.7,4.50E-10,-12.7,0.000000001
10-5B,7xd2_renumbered.pdb,XBB.1.5,XBB.1.5,XBB15_af284_relaxed_rank_1_model_1_renumbered.pdb,7xd2_XBB15,"3,4,24,25,26,27,28,29,30,31,32,50,51,52,53,54,70,71,72,73,74,95,96,97,98,99,100,101,102,103,104,105,106,107, 1026,1027,1028,1029,1030,1031,1032,1033,1034,1035,1049,1050,1052,1053,1054,1055,1056,1057,1058,1059,1091,1092,1093,1094'","485,489,494'",Yes,1,274243-7xd2_XBB15.tgz,-119,5.6,61,0.4,0.3,-85.6,3.9,-209,15.1,-18.8,2.2,272.5,52.21,2478.4,37.4,-2.4,-14.7,1.60E-11,-14.7,4.30E-11
10-5B,7xd2_renumbered.pdb,BA.2,BA.2,BA_2_renumbered_and_relaxed.pdb,7x2d_BA2,"3,4,24,25,26,27,28,29,30,31,32,50,51,52,53,54,70,71,72,73,74,95,96,97,98,99,100,101,102,103,104,105,106,107, 1026,1027,1028,1029,1030,1031,1032,1033,1034,1035,1049,1050,1052,1053,1054,1055,1056,1057,1058,1059,1091,1092,1093,1094'","485,489,494'",Yes,10,274244-7x2d_BA2.tgz,-101.5,10.1,4,0.7,0.4,-70.6,3.7,-198.3,13.1,-20.9,3.1,297.4,43.02,2383.7,79.4,-1.4,-14.4,2.90E-11,-14.4,7.30E-11
10-5B,7xd2_renumbered.pdb,BA.2.86,BA.2.86,updated_BA286_relaxed_renumbered_updated.pdb,7xd2_BA286,"3,4,24,25,26,27,28,29,30,31,32,50,51,52,53,54,70,71,72,73,74,95,96,97,98,99,100,101,102,103,104,105,106,107, 1026,1027,1028,1029,1030,1031,1032,1033,1034,1035,1049,1050,1052,1053,1054,1055,1056,1057,1058,1059,1091,1092,1093,1094'","488,493'",Yes,2,313611-7xd2_BA286_UPDATED,-129.7,2,37,0.8,0.5,-87.6,3.4,-234.6,17.2,-27.9,0.9,326.2,16.5,2373.1,99.6,-2.4,-15.2,7.60E-12,-15.2,2.10E-11
10-5B,7xd2_renumbered.pdb,BA.1/B.1.1.529,BA.1/B.1.1.529,BA_1_7ykj_default.pdb,7xd2_BA1,"3,4,24,25,26,27,28,29,30,31,32,50,51,52,53,54,70,71,72,73,74,95,96,97,98,99,100,101,102,103,104,105,106,107, 1026,1027,1028,1029,1030,1031,1032,1033,1034,1035,1049,1050,1052,1053,1054,1055,1056,1057,1058,1059,1091,1092,1093,1094'",485494489,Yes,4,275391-7xd2_BA1.tar,-99.1,9.6,13,6.8,0.1,-87.7,4.6,-103.4,6.6,-31.5,2.1,407.8,52.69,2422.1,72.5,-1.5,-13.7,8.70E-11,-13.7,2.10E-10
10-5B,7xd2_renumbered.pdb,JN.1,JN.1,jn1_relaxed_renumberered.pdb,7xd2_JN1,"3,4,24,25,26,27,28,29,30,31,32,50,51,52,53,54,70,71,72,73,74,95,96,97,98,99,100,101,102,103,104,105,106,107, 1026,1027,1028,1029,1030,1031,1032,1033,1034,1035,1049,1050,1052,1053,1054,1055,1056,1057,1058,1059,1091,1092,1093,1094'","488,493'",Yes,1,313612-7xd2_JN1,-115.5,2.8,69,1.5,0.9,-67.3,4.7,-252.7,11,-34,4.3,363.5,77.5,2077.1,83.6,-1.7,-13.4,1.40E-10,-13.4,3.30E-10
C105,6xcn_AB_clean_cut.pdb,WT,WT,6xcn_RBD.pdb,6xc_DEFAULT_UPDATED,"26,27,28,29,30,31,32,33,52,53,54,59,60,61,62,63,64,65,66,67,71,72,73,74,75,94,95,96,97,98,99,100,101,1026,1027,1028,1029,1030,1031,1032,1050,1051,1052,1053,1054,1055,1068,1069, 1090,1091,1092,1093,1094,1095'","405,415,421,457,460,473, 502'",Yes,1,278142-6xc_DEFAULT_UPDATED.tar,-139.2,2.7,124,1.5,1,-87,7.1,-270.9,10.7,-27.8,3,297.6,57.1,2446.2,96.8,-1.4,-14,5.70E-11,-14,1.40E-10
C105,6xcn_AB_clean_cut.pdb,BA.1/B.1.1.529,BA.1/B.1.1.529,BA_1_7ykj_default.pdb,6xcn_BA1,"26,27,28,29,30,31,32,33,52,53,54,59,60,61,62,63,64,65,66,67,71,72,73,74,75,94,95,96,97,98,99,100,101,1026,1027,1028,1029,1030,1031,1032,1050,1051,1052,1053,1054,1055,1068,1069, 1090,1091,1092,1093,1094,1095'","405,415,421,457,460,473, 502'",Yes,1,278151-6xcn_BA1.tar,-145,2,82,3.2,1.9,-87.8,3.5,-269.9,40.4,-33,9.4,298.2,65.6,2536.3,68.7,-1.3,-14.3,3.00E-11,-14.3,7.60E-11
C105,6xcn_AB_clean_cut.pdb,BA.2,BA.2,BA_2_renumbered_and_relaxed.pdb,6xcn_BA2,"26,27,28,29,30,31,32,33,52,53,54,59,60,61,62,63,64,65,66,67,71,72,73,74,75,94,95,96,97,98,99,100,101,1026,1027,1028,1029,1030,1031,1032,1050,1051,1052,1053,1054,1055,1068,1069, 1090,1091,1092,1093,1094,1095'","405,415,421,457,460,473, 502'",Yes,2,278153-6xcn_BA2.tar,-120.1,7.9,32,1.5,1,-90.6,4.4,-166.9,14.3,-28.5,1.9,324.4,33.2,2535,84.7,-1.5,-14,5.60E-11,-14,1.40E-10
C105,6xcn_AB_clean_cut.pdb,XBB.1.5,XBB.1.5,XBB15_af284_relaxed_rank_1_model_1_renumbered.pdb,6xcn_XBB15,"26,27,28,29,30,31,32,33,52,53,54,59,60,61,62,63,64,65,66,67,71,72,73,74,75,94,95,96,97,98,99,100,101,1026,1027,1028,1029,1030,1031,1032,1050,1051,1052,1053,1054,1055,1068,1069, 1090,1091,1092,1093,1094,1095'","415, 421, 457, 473, 502",Yes,2,278156-6xcn_XBB15.tar,-114.2,6.3,38,2.8,0.8,-70.1,3.5,-255.2,33.6,-24,4.8,310,61.5,2487.6,66.5,-1.5,-11.6,3.10E-09,-11.6,6.50E-09
C105,6xcn_AB_clean_cut.pdb,BA.2.86,BA.2.86,updated_BA286_relaxed_renumbered_updated.pdb,6xcn_BA286,"26,27,28,29,30,31,32,33,52,53,54,59,60,61,62,63,64,65,66,67,71,72,73,74,75,94,95,96,97,98,99,100,101,1026,1027,1028,1029,1030,1031,1032,1050,1051,1052,1053,1054,1055,1068,1069, 1090,1091,1092,1093,1094,1095'","415,421,457,460,473, 501'",Yes,1, 313614-6xcn_BA286_UPDATED.tgz,-137.3,8.5,86,1.1,0.8,-94.4,1.2,-202,23.2,-36.4,3.1,339.6,73.8,2569.4,58,-1.5,-14.5,2.50E-11,-14.5,6.30E-11
C105,6xcn_AB_clean_cut.pdb,JN.1,JN.1,jn1_relaxed_renumberered.pdb,6xcn_JN1,"26,27,28,29,30,31,32,33,52,53,54,59,60,61,62,63,64,65,66,67,71,72,73,74,75,94,95,96,97,98,99,100,101,1026,1027,1028,1029,1030,1031,1032,1050,1051,1052,1053,1054,1055,1068,1069, 1090,1091,1092,1093,1094,1095'","415,421,457,460,473, 501'",Yes,1,313615-6xcn_JN1.tgz,-130.9,4.2,61,1.6,0.9,-94.7,4.5,-202.9,12.3,-31.7,4.1,361,58.7,2529.4,86.8,-1.4,-14.7,1.70E-11,-14.7,4.50E-11
C102,7k8m_AB_clean.pdb,WT,WT,7k8m_RBD_clean.pdb,7k8m_Default,"1,2,25,26,27,28,29,30,31,32,33,53,54,60,61,62,63,64,65,66,72,73,74,75,76,94,95,96,97,98,99,100,1026,1027,1028,1029,1030,1031,1032,1050,1051,1052,1053,1054,1055,1056,1057,1058,1059,1060,1061,1062,1066,1067,1068,1092,1093,1094,1095,1096,1097'","417,420,421,453,455,457,458,473,475,477,489,501,502,505'",Yes,1,278856-7k8m_Default.tar,-125.9,3.6,68,16.2,0.2,-90.5,2.4,-261.7,13.6,-27.2,2.6,441.2,18.53,2474.7,84.5,-1.2,-14.8,1.50E-11,-14.8,4.00E-11
C102,7k8m_AB_clean.pdb,BA.1/B.1.1.529,BA.1/B.1.1.529,BA_1_7ykj_default.pdb,7k8m_BA1,"1,2,25,26,27,28,29,30,31,32,33,53,54,60,61,62,63,64,65,66,72,73,74,75,76,94,95,96,97,98,99,100,1026,1027,1028,1029,1030,1031,1032,1050,1051,1052,1053,1054,1055,1056,1057,1058,1059,1060,1061,1062,1066,1067,1068,1092,1093,1094,1095,1096,1097'","417, 420, 421, 453, 455, 457, 458, 473, 475, 489, 502'",Yes,2,278857-7k8m_BA1.tar,-123.8,14.7,23,1.1,1,-97.5,9.7,-158.3,16.2,-41,4.3,463.7,88.79,2740.5,186.9,-1.7,-13.8,8.00E-11,-13.8,2.00E-10
C102,7k8m_AB_clean.pdb,BA.2,BA.2,BA_2_renumbered_and_relaxed.pdb,7k8m_BA2,"1,2,25,26,27,28,29,30,31,32,33,53,54,60,61,62,63,64,65,66,72,73,74,75,76,94,95,96,97,98,99,100,1026,1027,1028,1029,1030,1031,1032,1050,1051,1052,1053,1054,1055,1056,1057,1058,1059,1060,1061,1062,1066,1067,1068,1092,1093,1094,1095,1096,1097'","417, 420, 421, 453, 455, 457, 458, 473, 475, 489, 502'",Yes,1,278858-7k8m_BA2.tar,-103.6,2.6,39,4.7,0.3,-87.2,4.7,-103.8,16,-30.7,4.7,350.9,43.27,2436.9,60,-1.3,-14,5.80E-11,-14,1.50E-10
C102,7k8m_AB_clean.pdb,BA.2.86,BA.2.86,updated_BA286_relaxed_renumbered_updated.pdb,7k8m_BA286,"1,2,25,26,27,28,29,30,31,32,33,53,54,60,61,62,63,64,65,66,72,73,74,75,76,94,95,96,97,98,99,100,1026,1027,1028,1029,1030,1031,1032,1050,1051,1052,1053,1054,1055,1056,1057,1058,1059,1060,1061,1062,1066,1067,1068,1092,1093,1094,1095,1096,1097'","417,420,421,453,457,458,473,475,488,501,505, 455'",Yes,3, 313616-7k8m_BA286.tgz,-102,4.1,14,5.1,0.1,-86.5,3.3,-178.9,28.8,-40.9,4.9,611.9,81.9,2556.5,104.8,-1.4,-15.3,6.10E-12,-15.3,1.70E-11
C102,7k8m_AB_clean.pdb,JN.1,JN.1,jn1_relaxed_renumberered.pdb,7k8m_JN1,"1,2,25,26,27,28,29,30,31,32,33,53,54,60,61,62,63,64,65,66,72,73,74,75,76,94,95,96,97,98,99,100,1026,1027,1028,1029,1030,1031,1032,1050,1051,1052,1053,1054,1055,1056,1057,1058,1059,1060,1061,1062,1066,1067,1068,1092,1093,1094,1095,1096,1097'","417,420,421,453,457,458,473,475,488,501,505'",Yes,2,313618-7k8m_JN1_UPDATED_FIXED.tgz,-99.3,3.3,17,16.2,0.3,-83.5,4.9,-161.6,25.1,-30.6,1.5,471.4,69.5,2324.5,68.6,-1.5,-15,1.10E-11,-15,2.80E-11
C102,7k8m_AB_clean.pdb,XBB.1.5,XBB.1.5,XBB15_af284_relaxed_rank_1_model_1_renumbered.pdb,7k8m_XBB15,"1,2,25,26,27,28,29,30,31,32,33,53,54,60,61,62,63,64,65,66,72,73,74,75,76,94,95,96,97,98,99,100,1026,1027,1028,1029,1030,1031,1032,1050,1051,1052,1053,1054,1055,1056,1057,1058,1059,1060,1061,1062,1066,1067,1068,1092,1093,1094,1095,1096,1097'","417, 420, 421, 453, 455, 457, 458, 473, 475, 489, 502'",Yes,2,278860-7k8m_XBB15.tar,-116.8,6.8,42,0.5,0.3,-93.5,5.2,-179.8,33.2,-26,2.5,386.5,67.87,2643.6,49.5,-2.4,-14.7,1.60E-11,-14.7,4.30E-11
P2D9,8dw9_cleaned_renum_AB.pdb,WT,WT,8dw9_RBD_CLEAN.pdb,8dw9_Default,"27,28,29,30,31,32,33, 52,53,54,55,56,57,58,59,60,61,62,63,64,65, 95,96,97,98,99,100, 1001, 1002, 1027, 1028, 1029, 1030, 1031, 1032, 1050,1051,1052,1053,1054,1055,1056,1057,1058,1059,1060,1065,1066,1067,1068,1069,1091,1092,1093,1094,1095,1096' 1050,1051,1052,1053,1054,1055,1056,1057,1058,1059,1060,1065,1066,1067,1068,1069,1091,1092,1093,1094,1095,1096'","343, 344, 346, 440'",Yes,1,279798-8dw9_Default.tar,-85.5,3.9,131,0.7,0.4,-72.1,3.7,-248,29.1,-10.3,2.2,464.6,31.67,2220.2,79.5,-1.9,-13.3,1.70E-10,-13.3,4.20E-10
P2D9,8dw9_cleaned_renum_AB.pdb,BA.1/B.1.1.529,BA.1/B.1.1.529,BA_1_7ykj_default.pdb,8dw9_BA1,"27,28,29,30,31,32,33, 52,53,54,55,56,57,58,59,60,61,62,63,64,65, 95,96,97,98,99,100, 1001, 1002, 1027, 1028, 1029, 1030, 1031, 1032, 1050,1051,1052,1053,1054,1055,1056,1057,1058,1059,1060,1065,1066,1067,1068,1069,1091,1092,1093,1094,1095,1096' 1050,1051,1052,1053,1054,1055,1056,1057,1058,1059,1060,1065,1066,1067,1068,1069,1091,1092,1093,1094,1095,1096'","343, 344, 346, 440'",Yes,1,279801-8dw9_BA1.tar,-88.7,2.6,133,0.7,0.4,-65.5,4.1,-285.8,-10.3,-4.8,1.2,388,52.06,2168.5,51.6,-1.6,-11.5,3.50E-09,-11.5,7.40E-09
P2D9,8dw9_cleaned_renum_AB.pdb,BA.2,BA.2,BA_2_renumbered_and_relaxed.pdb,8dw9_BA2,"27,28,29,30,31,32,33, 52,53,54,55,56,57,58,59,60,61,62,63,64,65, 95,96,97,98,99,100, 1001, 1002, 1027, 1028, 1029, 1030, 1031, 1032, 1050,1051,1052,1053,1054,1055,1056,1057,1058,1059,1060,1065,1066,1067,1068,1069,1091,1092,1093,1094,1095,1096' 1050,1051,1052,1053,1054,1055,1056,1057,1058,1059,1060,1065,1066,1067,1068,1069,1091,1092,1093,1094,1095,1096'","343, 344, 346, 440'",Yes,1,279802-8dw9_BA2.tar,-88.2,1.6,98,1,0.7,-70.1,2.9,-204.9,35.2,-14.7,1.6,375.1,46.28,2077.1,56.6,-1.6,-12.2,1.10E-09,-12.2,2.40E-09
P2D9,8dw9_cleaned_renum_AB.pdb,BA.2.86,BA.2.86,updated_BA286_relaxed_renumbered_updated.pdb,8dw9_BA286,"27,28,29,30,31,32,33, 52,53,54,55,56,57,58,59,60,61,62,63,64,65, 95,96,97,98,99,100, 1001, 1002, 1027, 1028, 1029, 1030, 1031, 1032, 1050,1051,1052,1053,1054,1055,1056,1057,1058,1059,1060,1065,1066,1067,1068,1069,1091,1092,1093,1094,1095,1096' 1050,1051,1052,1053,1054,1055,1056,1057,1058,1059,1060,1065,1066,1067,1068,1069,1091,1092,1093,1094,1095,1096'","343, 344, 346, 440'",Yes,5,313621-8dw9_BA286_UPDATED.tgz,-82.4,5.4,12,2.1,1.8,-71.8,4,-166.9,26.5,-15,4.9,378,76.1,1990.6,62.6,-1.2,-12.4,8.10E-10,-12.4,1.80E-09
P2D9,8dw9_cleaned_renum_AB.pdb,JN.1,JN.1,jn1_relaxed_renumberered.pdb,8dw9_JN1,"27,28,29,30,31,32,33, 52,53,54,55,56,57,58,59,60,61,62,63,64,65, 95,96,97,98,99,100, 1001, 1002, 1027, 1028, 1029, 1030, 1031, 1032, 1050,1051,1052,1053,1054,1055,1056,1057,1058,1059,1060,1065,1066,1067,1068,1069,1091,1092,1093,1094,1095,1096' 1050,1051,1052,1053,1054,1055,1056,1057,1058,1059,1060,1065,1066,1067,1068,1069,1091,1092,1093,1094,1095,1096'","343, 344, 346, 440'",Yes,3,313635-8dw9_JN1.tgz,-82.7,1.7,26,0.5,0.3,-61,4.7,-215.6,17.7,-25.1,1.6,465.6,38,1932.5,86.6,-1.1,-10.4,2.30E-08,-10.4,4.60E-08
P2D9,8dw9_cleaned_renum_AB.pdb,XBB.1.5,XBB.1.5,XBB15_af284_relaxed_rank_1_model_1_renumbered.pdb,8dw9_XBB15,"27,28,29,30,31,32,33, 52,53,54,55,56,57,58,59,60,61,62,63,64,65, 95,96,97,98,99,100, 1001, 1002, 1027, 1028, 1029, 1030, 1031, 1032, 1050,1051,1052,1053,1054,1055,1056,1057,1058,1059,1060,1065,1066,1067,1068,1069,1091,1092,1093,1094,1095,1096' 1050,1051,1052,1053,1054,1055,1056,1057,1058,1059,1060,1065,1066,1067,1068,1069,1091,1092,1093,1094,1095,1096'","343,344,440'",Yes,1,279808-8dw9_XBB15.tar,-70.7,2.6,67,16,0.6,-64.3,2.2,-185.9,23.6,-16,4.2,467.4,22.88,1676.7,46.5,-1.2,-10.3,0.000000026,-10.3,0.000000051
XGv282,7WLC_antibodies.pdb,BA.1/B.1.1.529,BA.1/B.1.1.529,7WLC_spike.pdb,submit_7WLC,"25, 26, 27, 28, 29, 30, 31, 32, 33, 34, 51, 52, 53, 54, 55, 56, 57, 58, 73, 74, 75, 76, 77, 78, 98, 99, 100, 101, 102, 103, 104, 105, 106, 107, 108, 1024, 1025, 1026, 1027, 1028, 1029, 1030, 1031, 1032, 1033, 1034, 1035, 1036, 1037, 1038, 1093, 1094, 1095, 1096, 1097, 1098","444, 445",Yes,1,280114-submit_7WLC.tgz,-74.8,1.6,154,15.7,0.3,-53,5.5,-199.7,43.5,-21.7,4.9,397.9,60.1,1681,27.7,-1.3,-11,8.70E-09,-11,0.000000018
XGv282,7WLC_antibodies.pdb,WT,WT,7x2h_chainF_RBD (1).pdb,7WLC_7xd2h,"25, 26, 27, 28, 29, 30, 31, 32, 33, 34, 51, 52, 53, 54, 55, 56, 57, 58, 73, 74, 75, 76, 77, 78, 98, 99, 100, 101, 102, 103, 104, 105, 106, 107, 108, 1024, 1025, 1026, 1027, 1028, 1029, 1030, 1031, 1032, 1033, 1034, 1035, 1036, 1037, 1038, 1093, 1094, 1095, 1096, 1097, 1098","444, 445",Yes,1,280115-7WLC_7xd2h.tgz,-78.8,5.5,153,1.1,0.7,-56.8,6.7,-149.1,40.5,-16.3,2,241.6,32.2,1530.1,45.8,-1.5,-10.1,0.000000038,-10.1,0.000000073
XGv283,7WLC_antibodies.pdb,BA.2,BA.2,BA_2_renumbered_and_relaxed.pdb,7WLC_BA286,"25, 26, 27, 28, 29, 30, 31, 32, 33, 34, 51, 52, 53, 54, 55, 56, 57, 58, 73, 74, 75, 76, 77, 78, 98, 99, 100, 101, 102, 103, 104, 105, 106, 107, 108, 1024, 1025, 1026, 1027, 1028, 1029, 1030, 1031, 1032, 1033, 1034, 1035, 1036, 1037, 1038, 1093, 1094, 1095, 1096, 1097, 1099","444, 445",Yes,3,314859-7wlc_BA2.tgz,-88.1,7.5,29,0.9,0.6,-53.8,3.8,-257.2,10.2,-6.3,3.7,235.4,43.6,1953.9,58.7,-1.7,-11.3,5.60E-09,-11.3,1.20E-08
XGv282,7WLC_antibodies.pdb,BA.2.86,BA.2.86,updated_BA286_relaxed_renumbered_updated.pdb,7WLC_BA286,"25, 26, 27, 28, 29, 30, 31, 32, 33, 34, 51, 52, 53, 54, 55, 56, 57, 58, 73, 74, 75, 76, 77, 78, 98, 99, 100, 101, 102, 103, 104, 105, 106, 107, 108, 1024, 1025, 1026, 1027, 1028, 1029, 1030, 1031, 1032, 1033, 1034, 1035, 1036, 1037, 1038, 1093, 1094, 1095, 1096, 1097, 1098","444, 445",Yes,2,313637-7WLC_BA286_UPDATED.tgz,-85.6,6.2,44,14,0.5,-67.2,4.6,-190.2,17.4,-18.7,2.6,381.9,31.3,1808.4,67.9,-1.2,-10.9,1.10E-08,-10.9,2.20E-08
XGv282,7WLC_antibodies.pdb,JN.1,JN.1,jn1_relaxed_renumberered.pdb,7WLC_JN1,"25, 26, 27, 28, 29, 30, 31, 32, 33, 34, 51, 52, 53, 54, 55, 56, 57, 58, 73, 74, 75, 76, 77, 78, 98, 99, 100, 101, 102, 103, 104, 105, 106, 107, 108, 1024, 1025, 1026, 1027, 1028, 1029, 1030, 1031, 1032, 1033, 1034, 1035, 1036, 1037, 1038, 1093, 1094, 1095, 1096, 1097, 1098","444, 445",Yes,1,313638-7WLC_jn1.tgz,-84.9,2.8,113,2.2,1.6,-63.9,4.5,-168.7,24.2,-21,3.4,337.4,19.8,1691.1,62.3,-1.4,-10.4,2.30E-08,-10.4,4.50E-08
XGv282,7WLC_antibodies.pdb,XBB.1.5,XBB.1.5,XBB15_af284_relaxed_rank_1_model_1_renumbered.pdb,7WLC_XBB,"25, 26, 27, 28, 29, 30, 31, 32, 33, 34, 51, 52, 53, 54, 55, 56, 57, 58, 73, 74, 75, 76, 77, 78, 98, 99, 100, 101, 102, 103, 104, 105, 106, 107, 108, 1024, 1025, 1026, 1027, 1028, 1029, 1030, 1031, 1032, 1033, 1034, 1035, 1036, 1037, 1038, 1093, 1094, 1095, 1096, 1097, 1098","444, 445",Yes,1,280120-7WLC_XBB.tgz,-86.7,5.3,45,16.6,0.8,-59,5.3,-246.8,28,-9.3,1.4,309.1,54.6,1808.7,64,-1.5,-12.4,7.40E-10,-12.4,1.70E-09
XGv265,7wee_AB.pdb,BA.1/B.1.1.529,BA.1/B.1.1.529,7wee_BA1_Rbd.pdb,7wee_BA1,"27,28,29,30,31,32,55,56,57,58, 102,103,104, 1028, 1029, 1030, 1031, 1032, 1033, 1034, 1035, 1036, 1053, 1054, 1055, 1056, 1057, 1058, 1059, 1060, 1061, 1062, 1063, 1064, 1065, 1070, 1071, 1094, 1095, 1096, 1097, 1098, 1099'","439, 442, 444, 445, 446'",Yes,1,309965-7wee_ba1.tgz,-84.1,4.3,71,1.5,1.2,-53.5,9.4,-273.5,18.2,-4,4,280.8,117.84,1533.5,122.4,-2.5,-11.9,0.000000002,-11.9,4.40E-09
XGv265,7wee_AB.pdb,BA.2,BA.2,BA_2_renumbered_and_relaxed.pdb,7wee_BA2,"27,28,29,30,31,32,55,56,57,58, 102,103,104, 1028, 1029, 1030, 1031, 1032, 1033, 1034, 1035, 1036, 1053, 1054, 1055, 1056, 1057, 1058, 1059, 1060, 1061, 1062, 1063, 1064, 1065, 1070, 1071, 1094, 1095, 1096, 1097, 1098, 1099'","439, 442, 444, 445'",Yes,1,309967-7wee_BA2.tgz,-84.1,3.8,65,1.6,1.1,-55.2,7.3,-260.4,27.3,-0.1,1.1,232.8,35.66,1751.9,75.5,-1.6,-13.9,6.40E-11,-13.9,1.60E-10
XGv265,7wee_AB.pdb,XBB.1.5,XBB.1.5,XBB15_af284_relaxed_rank_1_model_1_renumbered.pdb,7wee_XBB15,"27,28,29,30,31,32,55,56,57,58, 102,103,104, 1028, 1029, 1030, 1031, 1032, 1033, 1034, 1035, 1036, 1053, 1054, 1055, 1056, 1057, 1058, 1059, 1060, 1061, 1062, 1063, 1064, 1065, 1070, 1071, 1094, 1095, 1096, 1097, 1098, 1099'","439, 442, 444, 446'",Yes,2,309968-7wee_XBB15.tgz,-70.3,3.3,42,0.5,0.5,-61.1,3.2,-127.4,9.6,-13.9,3,302.3,56.59,1841.3,26.7,-1.3,-13.9,6.40E-11,-13.9,1.60E-10
XGv265,7wee_AB.pdb,BA.2.86,BA.2.86,updated_BA286_relaxed_renumbered_updated.pdb,7wee_BA286,"27,28,29,30,31,32,55,56,57,58, 102,103,104, 1028, 1029, 1030, 1031, 1032, 1033, 1034, 1035, 1036, 1053, 1054, 1055, 1056, 1057, 1058, 1059, 1060, 1061, 1062, 1063, 1064, 1065, 1070, 1071, 1094, 1095, 1096, 1097, 1098, 1099'","439, 442, 444, 446'",Yes,8,313640-7wee_BA286.tgz,-98.4,6.1,7,0.6,0.4,-69.3,3.7,-213.4,25.2,-17.6,1.6,311.8,55.6,1803.6,70.9,-2.6,-11,9.00E-09,-11,1.80E-08
XGv265,7wee_AB.pdb,JN.1,JN.1,jn1_relaxed_renumberered.pdb,7wee_JN1,"27,28,29,30,31,32,55,56,57,58, 102,103,104, 1028, 1029, 1030, 1031, 1032, 1033, 1034, 1035, 1036, 1053, 1054, 1055, 1056, 1057, 1058, 1059, 1060, 1061, 1062, 1063, 1064, 1065, 1070, 1071, 1094, 1095, 1096, 1097, 1098, 1099'","439, 442, 444, 446'",Yes,7,313967-7wee_JN1.tgz,-85.2,5.2,6,0.8,0.6,-62.6,4.3,-213.7,45.7,-17,2.3,371.4,58.4,1746.4,40.9,-1.6,-11,8.20E-09,-11,1.70E-08
XGv265,7wee_AB.pdb,WT,WT,7x2h_chainF_RBD (1) .pdb,7wee_WT,"27,28,29,30,31,32,55,56,57,58, 102,103,104, 1028, 1029, 1030, 1031, 1032, 1033, 1034, 1035, 1036, 1053, 1054, 1055, 1056, 1057, 1058, 1059, 1060, 1061, 1062, 1063, 1064, 1065, 1070, 1071, 1094, 1095, 1096, 1097, 1098, 1099'","439, 442, 444, 445'",Yes,1,309969-7wee_WT.tgz,-61.2,2.3,52,17.6,1.2,-48.7,4.2,-155.8,30.8,-11.6,4.2,302.6,21.5,1408.2,47.7,-2.1,-10.7,0.000000013,-10.7,0.000000027
XGv289',7wef_AB.pdb,BA.1/B.1.1.529,BA.1/B.1.1.529,7wef_RBD_ba1.pdb,7wef_BA1,"54,55,56,60,61,64,65,66,70,71,72,73, 99, 100, 101, 102, 103, 1024, 1025, 1026, 1027, 1028, 1029, 1030, 1031, 1032, 1033, 1095, 1096, 1097, 1098'","498, 500, 501, 503'",Yes,3,309944-7wef_BA1.tgx,-116,4.6,21,1.2,0.8,-70.7,5.8,-227.7,23.8,-26,4.5,261.5,48.33,2099.1,102.1,-1.3,-13.2,2.00E-10,-13.2,4.80E-10
XGv289',7wef_AB.pdb,BA.2,BA.2,BA_2_renumbered_and_relaxed.pdb,7wef_BA2,"54,55,56,60,61,64,65,66,70,71,72,73, 99, 100, 101, 102, 103, 1024, 1025, 1026, 1027, 1028, 1029, 1030, 1031, 1032, 1033, 1095, 1096, 1097, 1098'","498, 500, 501, 503'",Yes,7,309945-7wef_BA2.tgz,-69.4,5.4,6,12.2,0.5,-45.1,0.7,-162.5,20.5,-13.9,2.2,221.7,62.97,1288.5,38.8,-1.2,-11.7,2.80E-09,-11.7,6.10E-09
XGv289',7wef_AB.pdb,XBB.1.5,XBB.1.5,XBB15_af284_relaxed_rank_1_model_1_renumbered.pdb,7wef_XBB15,"54,55,56,60,61,64,65,66,70,71,72,73, 99, 100, 101, 102, 103, 1024, 1025, 1026, 1027, 1028, 1029, 1030, 1031, 1032, 1033, 1095, 1096, 1097, 1098'","498, 500, 501, 503'",Yes,1,309946-7wef_XBB15.tgz,-100.4,2.3,130,0.6,0.4,-63.4,2.8,-183.7,11.2,-15.3,2.1,150.9,36.07,1568.4,22.4,-1,-12,1.60E-09,-12,3.40E-09
XGv289',7wef_AB.pdb,BA.2.86,BA.2.86,updated_BA286_relaxed_renumbered_updated.pdb,7wef_BA286,"54,55,56,60,61,64,65,66,70,71,72,73, 99, 100, 101, 102, 103, 1024, 1025, 1026, 1027, 1028, 1029, 1030, 1031, 1032, 1033, 1095, 1096, 1097, 1098'","497,499,500,502'",Yes,1,313646-7wef_UPDATED_BA286_FIXED.tgz,-89.5,3.2,98,12.8,0.2,-61.8,4.6,-170.8,8.1,-18.2,0.9,246.7,54.3,1774.4,47.7,-2.2,-9.8,6.00E-08,-9.8,1.10E-07
XGv289',7wef_AB.pdb,JN.1,JN.1,jn1_relaxed_renumberered.pdb,7wef_JN1,"54,55,56,60,61,64,65,66,70,71,72,73, 99, 100, 101, 102, 103, 1024, 1025, 1026, 1027, 1028, 1029, 1030, 1031, 1032, 1033, 1095, 1096, 1097, 1098'","497,499,500,502'",Yes,1,313644-7wef_jn1.tgz,-87.4,7,69,0.7,0.4,-64,6.2,-155.8,18,-18.6,2.8,264.1,19.2,1867.9,82.4,-1.7,-12.2,1.20E-09,-12.2,2.70E-09
XGv289',7wef_AB.pdb,WT,WT,7x2h_chainF_RBD (1).pdb,7wef_WT,"54,55,56,60,61,64,65,66,70,71,72,73, 99, 100, 101, 102, 103, 1024, 1025, 1026, 1027, 1028, 1029, 1030, 1031, 1032, 1033, 1095, 1096, 1097, 1098'","498, 500, 503'",Yes,1,309948-7wef_WT.tgz,-85,6,57,2,1.6,-68.2,2.5,-111,20.6,-24.2,0.7,296.3,20.69,1914.1,5.9,-1.4,-13.6,1.00E-10,-13.6,2.50E-10
P1D9',8dwa_AB.pdb,WT,WT,8dwa_wt_rbd.pdb,8dwa_WT,"26,27,28,29,30,31,32, 49, 50, 51, 52, 53, 54, 55, 56, 57, 58 , 59, 60, 61, 68, 69, 90, 91, 92, 93, 94, 95, 96, 97, 98, 99, 1026, 1027, 1028, 1029, 1030, 1031, 1032, 1052, 1053, 1059, 1060, 1061, 1062, 1063, 1064, 1065, 1066, 1067, 1095, 1096, 1097, 1098, 1099, 1100'
","345,346,440,441,442,449,509'",Yes,8,308763-8dwa_WT.tgz,-84.3,8.1,6,0.7,0.4,-82.9,3,-208.4,29.9,-24.6,2.1,649.6,79.19,2199.1,74.7,-1.7,-11.6,3.10E-09,-11.6,6.70E-09
P1D9',8dwa_AB.pdb,BA.1/B.1.1.529,BA.1/B.1.1.529,BA_1_7ykj_default.pdb,8dwa_BA1,"26,27,28,29,30,31,32, 49, 50, 51, 52, 53, 54, 55, 56, 57, 58 , 59, 60, 61, 68, 69, 90, 91, 92, 93, 94, 95, 96, 97, 98, 99, 1026, 1027, 1028, 1029, 1030, 1031, 1032, 1052, 1053, 1059, 1060, 1061, 1062, 1063, 1064, 1065, 1066, 1067, 1095, 1096, 1097, 1098, 1099, 1100'
","345,346,440,441,442,449,509'",Yes,3,308786-8dwa_BA1.tgz,-93.3,6,20,0.9,0.7,-75.3,6.3,-175.4,21.4,-23.3,2.9,403.9,73.48,2203.3,93,-1.8,-11.4,4.30E-09,,
P1D9',8dwa_AB.pdb,BA.2,BA.2,BA_2_renumbered_and_relaxed.pdb,8dwa_BA2,"26,27,28,29,30,31,32, 49, 50, 51, 52, 53, 54, 55, 56, 57, 58 , 59, 60, 61, 68, 69, 90, 91, 92, 93, 94, 95, 96, 97, 98, 99, 1026, 1027, 1028, 1029, 1030, 1031, 1032, 1052, 1053, 1059, 1060, 1061, 1062, 1063, 1064, 1065, 1066, 1067, 1095, 1096, 1097, 1098, 1099, 1100'
","345,346,440,441,442,449,509'",Yes,2,308785-8dwa_BA2.tgz,-89.3,0.8,40,1.1,0.7,-52.9,9,-312.8,39.5,-21.3,3.5,474.8,82.27,1913.4,155.4,-1.8,-10.8,0.000000012,-10.8,0.000000024
P1D9',8dwa_AB.pdb,XBB.1.5,XBB.1.5,XBB15_af284_relaxed_rank_1_model_1_renumbered.pdb,8dwa_XBB15,"26,27,28,29,30,31,32, 49, 50, 51, 52, 53, 54, 55, 56, 57, 58 , 59, 60, 61, 68, 69, 90, 91, 92, 93, 94, 95, 96, 97, 98, 99, 1026, 1027, 1028, 1029, 1030, 1031, 1032, 1052, 1053, 1059, 1060, 1061, 1062, 1063, 1064, 1065, 1066, 1067, 1095, 1096, 1097, 1098, 1099, 1100'
","345,440,441,442,449,509'",Yes,4,308787-8dwa_XBB15.tgz,-70.8,3.2,19,5.2,0.1,-62.8,7.1,-234.2,32.2,-6,5.3,449.5,-55.93,1998,95.3,-2.1,-10.2,0.000000033,-10.2,0.000000065
P1D9',8dwa_AB.pdb,BA.2.86,BA.2.86,updated_BA286_relaxed_renumbered_updated.pdb,8dwa_BA286_UPDATED,"26,27,28,29,30,31,32, 49, 50, 51, 52, 53, 54, 55, 56, 57, 58 , 59, 60, 61, 68, 69, 90, 91, 92, 93, 94, 95, 96, 97, 98, 99, 1026, 1027, 1028, 1029, 1030, 1031, 1032, 1052, 1053, 1059, 1060, 1061, 1062, 1063, 1064, 1065, 1066, 1067, 1095, 1096, 1097, 1098, 1099, 1100'
","345,346,440,441,442,449,508'",Yes,1,313647-8dwa_BA286_UPDATED.tgz,-87.6,1.1,81,5.6,0.1,-64,1.4,-260.8,16.4,-21.8,1.4,504.1,37.8,2070.3,12.6,-1.7,-10.8,1.10E-08,-10.8,2.30E-08
P1D9',8dwa_AB.pdb,JN.1,JN.1,jn1_relaxed_renumberered.pdb,8dwa_JN1,"26,27,28,29,30,31,32, 49, 50, 51, 52, 53, 54, 55, 56, 57, 58 , 59, 60, 61, 68, 69, 90, 91, 92, 93, 94, 95, 96, 97, 98, 99, 1026, 1027, 1028, 1029, 1030, 1031, 1032, 1052, 1053, 1059, 1060, 1061, 1062, 1063, 1064, 1065, 1066, 1067, 1095, 1096, 1097, 1098, 1099, 1100'
","345,346,440,441,442,449,508'",Yes,1,313648-8dwa_JN1.tgz,-91,3.3,86,0.8,0.5,-58,1.3,-262.6,16.9,-22.6,4.1,421.1,5.8,2067.5,102,-1.9,-10.5,2.10E-08,-10.5,4.30E-08
Omi-3,7zf3_AB.pdb,BA.1/B.1.1.529,BA.1/B.1.1.529,7zf3_RBD_BA1.pdb,7zf3_BA1,"53, 54, 55, 56, 60, 61, 62, 63, 64, 65, 66, 73, 74, 75, 76, 1027, 1028, 1029, 1030, 1051, 1052, 1053, 1054, 1055, 1056, 1057, 1058, 1059, 1060, 1061, 1062, 1092, 1093, 1094, 1095, 1096, 1097, 1098'","403, 420, 421, 455, 457, 460, 473, 475, 487, 496, 501, 502'",Yes,1,308749-7zf3_BA1.tgz,-150.8,2.8,54,0.7,0.4,-98.2,2.3,-282,12.5,-28.3,2.9,321.6,54.07,2518.8,34.4,-2.2,-13.5,1.20E-10,-13.5,3.00E-10
Omi-3,7zf3_AB.pdb,BA.2,BA.2,BA_2_renumbered_and_relaxed.pdb,7zf3_BA2,"53, 54, 55, 56, 60, 61, 62, 63, 64, 65, 66, 73, 74, 75, 76, 1027, 1028, 1029, 1030, 1051, 1052, 1053, 1054, 1055, 1056, 1057, 1058, 1059, 1060, 1061, 1062, 1092, 1093, 1094, 1095, 1096, 1097, 1098'","403, 420, 421, 455, 457, 460, 473, 475, 487, 501, 502'",Yes,5,308751-7zf3_BA2.tgz,-107.6,15.5,9,0.9,0.8,-78.2,11.5,-164.7,16.3,-28.5,4.7,320.9,48.75,2122.9,222.8,-2.1,-15.2,7.30E-12,-15.2,2.00E-11
Omi-3,7zf3_AB.pdb,XBB.1.5,XBB.1.5,XBB15_af284_relaxed_rank_1_model_1_renumbered.pdb,7zf3_XBB15,"53, 54, 55, 56, 60, 61, 62, 63, 64, 65, 66, 73, 74, 75, 76, 1027, 1028, 1029, 1030, 1051, 1052, 1053, 1054, 1055, 1056, 1057, 1058, 1059, 1060, 1061, 1062, 1092, 1093, 1094, 1095, 1096, 1097, 1098'","403, 420, 421, 455, 457, 460, 473, 475, 487, 501, 502'",Yes,1,308752-7zf3_XBB15.tgz,-140.3,1.3,32,0.5,0.3,-97.4,3,-302.4,49.6,-15.7,1.6,332.6,85.84,2695.3,50.3,-2.4,-15.4,4.90E-12,-15.4,1.30E-11
Omi-3,7zf3_AB.pdb,BA.2.86,BA.2.86,updated_BA286_relaxed_renumbered_updated.pdb,7zf3_BA286,"53, 54, 55, 56, 60, 61, 62, 63, 64, 65, 66, 73, 74, 75, 76, 1027, 1028, 1029, 1030, 1051, 1052, 1053, 1054, 1055, 1056, 1057, 1058, 1059, 1060, 1061, 1062, 1092, 1093, 1094, 1095, 1096, 1097, 1098'","402, 419,420, 455,457, 459, 472,498,499'",Yes,1,313649-7zf3_BA286.tgz,-117.9,5.3,39,0.4,0.3,-90.1,7.6,-181.6,18.3,-21.6,2.6,301.4,36,2443.8,96.9,-2.5,-13.6,1.10E-10,-13.6,2.60E-10
Omi-3,7zf3_AB.pdb,JN.1,JN.1,jn1_relaxed_renumberered.pdb,7zf3_jn1,"53, 54, 55, 56, 60, 61, 62, 63, 64, 65, 66, 73, 74, 75, 76, 1027, 1028, 1029, 1030, 1051, 1052, 1053, 1054, 1055, 1056, 1057, 1058, 1059, 1060, 1061, 1062, 1092, 1093, 1094, 1095, 1096, 1097, 1098'","402, 419,420,457, 459, 472,498,499'",Yes,1,313650-7zf3_JN1.tgz,-106.3,7.9,38,1.7,1.3,-84.7,6.9,-184.1,27.4,-19.6,3.7,348.5,36.2,2444.9,65,-1.8,-15.1,9.10E-12,-15.1,2.40E-11
Omi-3,7zf3_AB.pdb,WT,WT,7x2h_chainF_RBD (1) .pdb,7zf3_WT,"53, 54, 55, 56, 60, 61, 62, 63, 64, 65, 66, 73, 74, 75, 76, 1027, 1028, 1029, 1030, 1051, 1052, 1053, 1054, 1055, 1056, 1057, 1058, 1059, 1060, 1061, 1062, 1092, 1093, 1094, 1095, 1096, 1097, 1098'","403, 420, 421, 455, 457, 460, 473, 475, 487, 502'",Yes,4,308753-7zf3_WT.tgz,-124.1,8.1,16,0.7,0.4,-90.5,4.3,-205.9,22.6,-23.2,3.9,307.2,70.05,2491,90,-2.3,-15.2,7.10E-12,-15.2,1.90E-11
COVOX150,7zf8_chainsHL_renumberedLplus1000_fixed.pdb,BA.2,BA.2,7zf8_RBD_COVOX150,COVOX_150_BA2_UPDATED,"26,27,28,29,30,31,32,52,53,54,55,56,73,74,75,76,99,100,101,102,103,1026,1027,1028,1029,1030,1031,1032,1033,1050,1051,1052,1066,1067,1068,1069,1090,1091,1092,1093,1094,1095,1096,1097,1098,1099,1100,1101,1102,1103'","403,415,420,421,453,455,457,460,473,475,477,487,489'",Yes,2,313652-COVOX_150_BA2_UPDATED.tgz,-143.5,3,27,0.4,0.3,-88.8,2.9,-250.1,21.7,-27.7,0.9,230.6,72.4,2507.9,28.1,-2.4,-14.2,3.70E-11,-14.2,9.30E-11
COVOX150,7zf8_chainsHL_renumberedLplus1000_fixed.pdb,BA.1/B.1.1.529,BA.1/B.1.1.529,BA_1_7ykj_default.pdb,COVOX150_BA1,"26,27,28,29,30,31,32,52,53,54,55,56,73,74,75,76,99,100,101,102,103,1026,1027,1028,1029,1030,1031,1032,1033,1050,1051,1052,1066,1067,1068,1069,1090,1091,1092,1093,1094,1095,1096,1097,1098,1099,1100,1101,1102,1103'","403,415,420,421,453,455,457,460,473,475,477,487,489'",Yes,3,307363-COVOX150_BA1.tgz,-128.9,2.9,29,1,0.3,-86.1,2.2,-217.9,30.3,-28.4,1.3,292.2,74.53,2431.1,82.4,-2,-15.4,5.50E-12,-15.4,1.50E-11
COVOX150,7zf8_chainsHL_renumberedLplus1000_fixed.pdb,XBB.1.5,XBB.1.5,XBB15_af284_relaxed_rank_1_model_1_renumbered.pdb,COVOX150_XBB15,"26,27,28,29,30,31,32,52,53,54,55,56,73,74,75,76,99,100,101,102,103,1026,1027,1028,1029,1030,1031,1032,1033,1050,1051,1052,1066,1067,1068,1069,1090,1091,1092,1093,1094,1095,1096,1097,1098,1099,1100,1101,1102,1103'","403,415,420,421,453,455,457,460,473,475,477,487,489'",Yes,2,307366-COVOX150_XBB15.tgz,-116.2,3.1,24,4.3,0.4,-69.1,3.4,-244.7,19,-24,2.9,257.8,66.46,2194,101.5,-1.2,-13.1,2.40E-10,-13.1,5.70E-10
COVOX150,7zf8_chainsHL_renumberedLplus1000_fixed.pdb,BA.2.86,BA.2.86,updated_BA286_relaxed_renumbered_updated.pdb,COVOX150_BA286,"26,27,28,29,30,31,32,52,53,54,55,56,73,74,75,76,99,100,101,102,103,1026,1027,1028,1029,1030,1031,1032,1033,1050,1051,1052,1066,1067,1068,1069,1090,1091,1092,1093,1094,1095,1096,1097,1098,1099,1100,1101,1102,1103'","403,415,420,421,453,455,457,460,473,475,477,486,488'",Yes,2,313653-COVOX150_BA286.tgz,-137.7,8.3,30,0.6,0.4,-85.6,6,-257.4,15.3,-21.4,2.4,207.9,25.7,2368.7,80.2,-1.5,-16,1.80E-12,-16,5.10E-12
COVOX150,7zf8_chainsHL_renumberedLplus1000_fixed.pdb,JN.1,JN.1,jn1_relaxed_renumberered.pdb,COVOX150_JN1,"26,27,28,29,30,31,32,52,53,54,55,56,73,74,75,76,99,100,101,102,103,1026,1027,1028,1029,1030,1031,1032,1033,1050,1051,1052,1066,1067,1068,1069,1090,1091,1092,1093,1094,1095,1096,1097,1098,1099,1100,1101,1102,1103'","403,415,420,421,453,457,460,473,475,477,486,488'",Yes,2,313654-COVOX150_JN1.tgz,-126.7,4.4,28,0.6,0.4,-79.7,6.6,-246.8,9.8,-19.7,2,221.6,46.9,2189.3,93.5,-1.7,-15.7,3.10E-12,-15.7,8.50E-12
COVOX150,7zf8_chainsHL_renumberedLplus1000_fixed.pdb,WT,WT,7x2h_chainF_RBD (1) .pdb,COVOX150_WT,"26,27,28,29,30,31,32,52,53,54,55,56,73,74,75,76,99,100,101,102,103,1026,1027,1028,1029,1030,1031,1032,1033,1050,1051,1052,1066,1067,1068,1069,1090,1091,1092,1093,1094,1095,1096,1097,1098,1099,1100,1101,1102,1103'","403,415,420,421,453,455,457,460,473,475,477,487,489'",Yes,2,307362-COVOX150_WT.tgz,-107.5,-9.8,30,0.5,0.3,-73.3,5,-209.6,26,-11.1,1.5,188.5,35.6,2127.1,42.9,-1.5,-13.4,1.40E-10,-13.4,3.30E-10
LYCOV555,7kmg_chainsAB_renumberedBplus1000_fixed.pdb ,BA.2,BA.2,BA_2_renumbered_and_relaxed.pdb,7kmg_BA2,"26,27,28,29,30,31,53,54,55,56,74,75,76,77,100,101,102,103,104,105,106,107,108,109,110,111,1026,1027,1028,1029,1030,1031,1032,1050,1051,1052,1053,1054,1055,1056,1057,1058,1059,1060,1061,1068,1069,1091,1092,1093,1094,1095,1096,1097'","382,482,493,494'",Yes,1,313694-7kmg_BA2.tgz,-66.6,14.1,26,0.6,0.5,-69.8,2.3,-104.4,17.9,-25,2.4,490.2,129.4,2002.6,43.3,-2.3,-12.7,4.80E-10,-12.7,1.10E-09
LYCOV555,7kmg_chainsAB_renumberedBplus1000_fixed.pdb ,BA.1/B.1.1.529,BA.1/B.1.1.529,BA_1_7ykj_default.pdb,7kmg_BA1,"26,27,28,29,30,31,53,54,55,56,74,75,76,77,100,101,102,103,104,105,106,107,108,109,110,111,1026,1027,1028,1029,1030,1031,1032,1050,1051,1052,1053,1054,1055,1056,1057,1058,1059,1060,1061,1068,1069,1091,1092,1093,1094,1095,1096,1097'","382,408,482,486,493,494'",Yes,2,313693-7kmg_BA1.tgz,-85.7,4.8,19,0.7,0.4,-86.9,3.4,-80.8,13.8,-40.7,4.1,580.7,34.7,2359,68.1,-2.4,-11.8,2.20E-09,-11.8,4.70E-09
LYCOV555,7kmg_chainsAB_renumberedBplus1000_fixed.pdb ,XBB.1.5,XBB.1.5,XBB15_af284_relaxed_rank_1_model_1_renumbered.pdb,7kmg_XBB15,"26,27,28,29,30,31,53,54,55,56,74,75,76,77,100,101,102,103,104,105,106,107,108,109,110,111,1026,1027,1028,1029,1030,1031,1032,1050,1051,1052,1053,1054,1055,1056,1057,1058,1059,1060,1061,1068,1069,1091,1092,1093,1094,1095,1096,1097'","382,482,493,494'",Yes,6,313695-7kmg_XBB15.tgz,-46.8,10.1,10,0.9,0.6,-61.2,5,-93,29.9,-15.1,1.7,480.3,90.9,1763.1,62.5,-1.3,-10.4,2.20E-08,-10.4,4.40E-08
LYCOV555,7kmg_chainsAB_renumberedBplus1000_fixed.pdb ,BA.2.86,BA.2.86,updated_BA286_relaxed_renumbered_updated.pdb,7kmg_BA286,"26,27,28,29,30,31,53,54,55,56,74,75,76,77,100,101,102,103,104,105,106,107,108,109,110,111,1026,1027,1028,1029,1030,1031,1032,1050,1051,1052,1053,1054,1055,1056,1057,1058,1059,1060,1061,1068,1069,1091,1092,1093,1094,1095,1096,1097'","382,482,492,493'",Yes,11,313696-7kmg_BA286.tgz,-67.3,12.5,6,1.1,0.8,-73.4,11.2,-108.6,23.3,-36.2,5.3,640.9,70.5,2126.1,299,-1.4,-12.9,3.40E-10,-12.9,7.80E-10
LYCOV555,7kmg_chainsAB_renumberedBplus1000_fixed.pdb ,JN.1,JN.1,jn1_relaxed_renumberered.pdb,7kmg_JN1,"26,27,28,29,30,31,53,54,55,56,74,75,76,77,100,101,102,103,104,105,106,107,108,109,110,111,1026,1027,1028,1029,1030,1031,1032,1050,1051,1052,1053,1054,1055,1056,1057,1058,1059,1060,1061,1068,1069,1091,1092,1093,1094,1095,1096,1097'","382,482,492,493'",Yes,1,313697-7kmg_JN1.tgz,-70.5,2.2,20,15.2,0.2,-74.4,2.6,-65.9,18.2,-37.2,2.4,542.9,5.3,1923.1,20.2,-1.5,-12.3,9.50E-10,-12.3,2.10E-09
LYCOV555,7kmg_chainsAB_renumberedBplus1000_fixed.pdb ,WT,WT,7x2h_chainF_RBD (1) .pdb,LYCOV555_WT,"26,27,28,29,30,31,53,54,55,56,74,75,76,77,100,101,102,103,104,105,106,107,108,109,110,111,1026,1027,1028,1029,1030,1031,1032,1050,1051,1052,1053,1054,1055,1056,1057,1058,1059,1060,1061,1068,1069,1091,1092,1093,1094,1095,1096,1097'","382,408,482,486,493,494, 484'",Yes,1,313692-LYCOV555_WT.tgz,-108.8,1,98,0.6,0.4,-65.3,1.4,-293.5,12.9,-31.5,1.8,467.9,36.1,2107.7,17.5,-1.9,-12.9,3.70E-10,-12.9,8.60E-10
LYCOV1404,7mmo_chainsHL_renumberedLplus1000\ _fixed.pdb,WT,WT,7x2h_chainF_RBD (1) .pdb,7mmo_WT,"26,27,28,29,30,31,32,33,34,55,56,75,76,77,103,1025,1026,1027,1028,1029,1030,1031,1032,1033,1034,1035,1036,1052,1053,1054,1055,1056,1057,1058,1059,1060,1061,1062,1063,1064,1071,1072,1095,1096,1097,1098'","346,439,440,444,445,450,498,500'",Yes,1,313699-7mmo_WT.tgz,-75,1,90,1,0.6,-56.6,2.9,-272.7,21.8,0.8,2.3,354,18.2,1712.7,52.3,-0.9,-13.9,6.60E-11,-13.9,1.60E-10
LYCOV1404,7mmo_chainsHL_renumberedLplus1000\ _fixed.pdb,BA.1/B.1.1.529,BA.1/B.1.1.529,BA_1_7ykj_default.pdb,LYCOV1404_BA1_UPDATED,"26,27,28,29,30,31,32,33,34,55,56,75,76,77,103,1025,1026,1027,1028,1029,1030,1031,1032,1033,1034,1035,1036,1052,1053,1054,1055,1056,1057,1058,1059,1060,1061,1062,1063,1064,1071,1072,1095,1096,1097,1098'","346, 439,440,444,445,450,498,500'",Yes,4,310612-LYCOV1404_BA1_UPDATED.tgz,-98.2,7.7,22,0.6,0.4,-49.4,5.5,-422.8,16.5,6,1.8,297,65.2,1768.6,28.6,-1.5,-13.6,1.10E-10,-13.6,2.70E-10
LYCOV1404,7mmo_chainsHL_renumberedLplus1000\ _fixed.pdb,BA.2,BA.2,BA_2_renumbered_and_relaxed.pdb,LYCOV1404_BA2_UPDATED,"26,27,28,29,30,31,32,33,34,55,56,75,76,77,103,1025,1026,1027,1028,1029,1030,1031,1032,1033,1034,1035,1036,1052,1053,1054,1055,1056,1057,1058,1059,1060,1061,1062,1063,1064,1071,1072,1095,1096,1097,1098'","346, 439,440,444,445,450,498,500'",Yes,2,310613-LYCOV1404_BA2_UPDATED.tgz,-86.4,5.2,51,1.7,1.4,-56.8,9.2,-339.4,31.2,2.1,2.6,361.5,50.9,1896.5,122.5,-1.6,-14.1,4.70E-11,-14.1,1.20E-10
LYCOV1404,7mmo_chainsHL_renumberedLplus1000\ _fixed.pdb,XBB.1.5,XBB.1.5,XBB15_af284_relaxed_rank_1_model_1_renumbered.pdb,LYCOV1404_XBB15_UPDATED,"26,27,28,29,30,31,32,33,34,55,56,75,76,77,103,1025,1026,1027,1028,1029,1030,1031,1032,1033,1034,1035,1036,1052,1053,1054,1055,1056,1057,1058,1059,1060,1061,1062,1063,1064,1071,1072,1095,1096,1097,1098'","439,440,444,450,498,500'",Yes,5,310615-LYCOV1404_XBB15_UPDATED.tgz,-64.9,4.9,11,1.2,0.8,-43.5,8.9,-282.2,17.7,-1.6,2.8,367.2,63.1,1460.2,121.7,-1.9,-11.8,2.10E-09,-11.8,4.60E-09
LYCOV1404,7mmo_chainsHL_renumberedLplus1000\ _fixed.pdb,BA.2.86,BA.2.86,updated_BA286_relaxed_renumbered_updated.pdb,7mmo_BA286,"26,27,28,29,30,31,32,33,34,55,56,75,76,77,103,1025,1026,1027,1028,1029,1030,1031,1032,1033,1034,1035,1036,1052,1053,1054,1055,1056,1057,1058,1059,1060,1061,1062,1063,1064,1071,1072,1095,1096,1097,1098'","346,439,440,444,497,499'",Yes,6,313700-7mmo_BA286.tgz,-78.7,3.2,8,7.2,0.5,-68.8,3.8,-204.2,22,-7.8,0.3,386.7,16.3,2017.4,150.4,-1,-13.9,6.40E-11,-13.9,1.60E-10
LYCOV1404,7mmo_chainsHL_renumberedLplus1000\ _fixed.pdb,JN.1,JN.1,jn1_relaxed_renumberered.pdb,7mmo_JN1,"26,27,28,29,30,31,32,33,34,55,56,75,76,77,103,1025,1026,1027,1028,1029,1030,1031,1032,1033,1034,1035,1036,1052,1053,1054,1055,1056,1057,1058,1059,1060,1061,1062,1063,1064,1071,1072,1095,1096,1097,1098'","346,439,440,444,497,499'",Yes,2,313701-7mmo_JN1.tgz,-93.7,12.8,39,1.2,1.3,-54.1,10.8,-315.7,22,-8.5,1.4,320.6,117.4,1704.9,116,-1.8,-11.8,2.10E-09,-11.8,4.50E-09
omi-31,7zfb-omi31-AB.pdb,BA.1/B.1.1.529,BA.1/B.1.1.529,7zfb-omi31-E.pdb,7zfb_omi31_default,"25,26,27,28,29,30,31,32,33,53,54,55,56,73,74,75,76,77,78,105,106,107,108,1002,1003,1004,1005,1023,1024,1025,1026,1027,1028,1029,1030,1031,1032,1033,1034,1049,1050,1051,1052,1053,1054,1055,1056,1057,1058,1059,1060,1061,0162,1063,1093,1094,1095,1096,1097,1098","347, 349, 351, 450, 484, 493",Yes,1,309981-7zfb_omi31_default.tgz,-101.4,3.2,43,0.7,0.4,-85.7,2.9,-260.6,47,-12.3,1,486.4,89.5,2266.2,78.8,-2.3,-12.5,7.10E-10,-12.5,1.60E-09
omi-31,7zfb-omi31-AB.pdb,WT,WT,7x2h_chainF_RBD.pdb,7zfb_omi31_WT,"25,26,27,28,29,30,31,32,33,53,54,55,56,73,74,75,76,77,78,105,106,107,108,1002,1003,1004,1005,1023,1024,1025,1026,1027,1028,1029,1030,1031,1032,1033,1034,1049,1050,1051,1052,1053,1054,1055,1056,1057,1058,1059,1060,1061,0162,1063,1093,1094,1095,1096,1097,1098","347, 349, 351, 450",Yes,3,309983-7zfb_omi31_WT.tgz,-104.4,5.4,30,0.7,0.5,-79.7,5.5,-353.6,48.4,-9.7,2.3,557.2,115.5,2203.7,108.1,-2.1,-14.1,4.50E-11,-14.1,1.10E-10
omi-31,7zfb-omi31-AB.pdb,BA.2,BA.2,BA_2_renumbered_and_relaxed.pdb,7zfb_omi31_BA2,"25,26,27,28,29,30,31,32,33,53,54,55,56,73,74,75,76,77,78,105,106,107,108,1002,1003,1004,1005,1023,1024,1025,1026,1027,1028,1029,1030,1031,1032,1033,1034,1049,1050,1051,1052,1053,1054,1055,1056,1057,1058,1059,1060,1061,0162,1063,1093,1094,1095,1096,1097,1098","347, 349, 351, 493",Yes,1,309984-7zfb_omi31_BA2.tgz,-68.5,6.4,72,1.1,0.9,-90.4,3.1,-161.5,17.2,-18,1.7,721.8,39.5,2369.4,40,-2.2,-16.9,4.00E-13,-16.9,1.20E-12
omi-31,7zfb-omi31-AB.pdb,BA.2.86,BA.2.86,updated_BA286_relaxed_renumbered_updated.pdb,7zfb_omi31_BA286,"25,26,27,28,29,30,31,32,33,53,54,55,56,73,74,75,76,77,78,105,106,107,108,1002,1003,1004,1005,1023,1024,1025,1026,1027,1028,1029,1030,1031,1032,1033,1034,1049,1050,1051,1052,1053,1054,1055,1056,1057,1058,1059,1060,1061,0162,1063,1093,1094,1095,1096,1097,1098","347, 349, 351, 492",Yes,1,313896-7zfb_omi31_BA286.tgz,-67.5,2.4,30,0.6,0.3,-75.9,2.4,-258.4,38.1,-0.2,2.8,602.7,50,2431.5,106.7,-2.3,-12.8,4.20E-10,-12.8,9.80E-10
Omi-31,7zfb-omi31-AB.pdb,JN.1,JN.1,jn1_relaxed_renumberered.pdb,7zfb_omi31_JN1,"25,26,27,28,29,30,31,32,33,53,54,55,56,73,74,75,76,77,78,105,106,107,108,1002,1003,1004,1005,1023,1024,1025,1026,1027,1028,1029,1030,1031,1032,1033,1034,1049,1050,1051,1052,1053,1054,1055,1056,1057,1058,1059,1060,1061,0162,1063,1093,1094,1095,1096,1097,1098","347, 349, 351, 492",Yes,2,313897-7zfb_omi31_JN1.tgz,-69.5,8.4,14,0.5,0.3,-69,3.2,-298.7,25.8,-1.8,1.6,610.5,54.2,2301.7,69.2,-1.9,-13.5,1.40E-10,-13.5,3.30E-10
omi-31,7zfb-omi31-AB.pdb,XBB.1.5,XBB.1.5,XBB15_af284_relaxed_rank_1_model_1_renumbered.pdb,7zfb_omi31_XBB15,"25,26,27,28,29,30,31,32,33,53,54,55,56,73,74,75,76,77,78,105,106,107,108,1002,1003,1004,1005,1023,1024,1025,1026,1027,1028,1029,1030,1031,1032,1033,1034,1049,1050,1051,1052,1053,1054,1055,1056,1057,1058,1059,1060,1061,0162,1063,1093,1094,1095,1096,1097,1098","347, 349, 351, 450, 484",Yes,2,309987-7zfb_omi31_XBB15.tgz,-72.2,9.1,15,0.4,0.2,-75.6,4.2,-297.2,7,21.6,1.3,412.4,85.8,2588,92.2,-1.8,-12.5,7.00E-10,-12.5,1.60E-09
omi-18,7zfb-omi18-JK.pdb,BA.1/B.1.1.529,BA.1/B.1.1.529,7zfb-omi31-F.pdb,7zfb_omi18_default,"1,2,3,25,26,27,28,32,33,51,52,53,54,55,56,57,72,73,74,75,76,77,98,99,100,103,104,1023,1024,1025,1026,1027,1028,1029,1030,1031,1032,1047,1048,1049,1050,1051,1052,1053,1054,1055,1056,1057,1058,1059,1060,1061,1066,1067,1068,1069,1089,1090,1091,1092,1093,1094,1095,1096,1097,1098,1099","403, 420, 421, 455, 460, 473, 475, 487, 505",Yes,1,308764-7zfb_omi18_default.tgz,-154.9,2.9,69,0.3,0.2,-96.9,1.2,-298.3,17.1,-35.6,1.9,373.5,53.7,2713.9,56.7,-2.3,-15.5,4.10E-12,-15.5,1.10E-11
omi-18,7zfb-omi18-JK.pdb,WT,WT,7x2h_chainF_RBD.pdb,7zfb_omi18_WT,"1,2,3,25,26,27,28,32,33,51,52,53,54,55,56,57,72,73,74,75,76,77,98,99,100,103,104,1023,1024,1025,1026,1027,1028,1029,1030,1031,1032,1047,1048,1049,1050,1051,1052,1053,1054,1055,1056,1057,1058,1059,1060,1061,1066,1067,1068,1069,1089,1090,1091,1092,1093,1094,1095,1096,1097,1098,1099","403, 420, 421, 455, 460, 473, 475, 487",Yes,1,308765-7zfb_omi18_WT.tgz,-109.9,4.3,98,1,0.7,-78.9,4.4,-278,16.3,-16.7,5.6,413.1,77.4,2420,109.2,-1.7,-12.4,8.20E-10,-12.4,1.80E-09
omi-18,7zfb-omi18-JK.pdb,BA.2,BA.2,BA_2_renumbered_and_relaxed.pdb,7zfb_omi18_BA2,"1,2,3,25,26,27,28,32,33,51,52,53,54,55,56,57,72,73,74,75,76,77,98,99,100,103,104,1023,1024,1025,1026,1027,1028,1029,1030,1031,1032,1047,1048,1049,1050,1051,1052,1053,1054,1055,1056,1057,1058,1059,1060,1061,1066,1067,1068,1069,1089,1090,1091,1092,1093,1094,1095,1096,1097,1098,1099","403, 420, 421, 455, 460, 473, 475, 487, 505",Yes,1,308766-7zfb_omi18_BA2.tgz,-141.3,11.8,52,1.4,1.1,-82.3,7.1,-360.1,27.9,-23.8,9.5,367.7,45,2688.1,229.6,-2.2,-14.4,2.70E-11,-14.4,6.90E-11
omi-18,7zfb-omi18-JK.pdb,BA.2.86,BA.2.86,updated_BA286_relaxed_renumbered_updated.pdb,7zfb_omi18_BA286,"1,2,3,25,26,27,28,32,33,51,52,53,54,55,56,57,72,73,74,75,76,77,98,99,100,103,104,1023,1024,1025,1026,1027,1028,1029,1030,1031,1032,1047,1048,1049,1050,1051,1052,1053,1054,1055,1056,1057,1058,1059,1060,1061,1066,1067,1068,1069,1089,1090,1091,1092,1093,1094,1095,1096,1097,1098,1099","403, 420, 421, 455, 460, 473, 475, 486, 504",Yes,2,313899-7zfb_omi18_BA286.tgz,-118.2,6.4,22,0.4,0.3,-96,6.7,-235.9,12.9,-20.6,3.6,455.4,70.9,2675.4,105.1,-1.2,-15.6,3.50E-12,-15.6,9.80E-12
Omi-18,7zfb-omi18-JK.pdb,JN.1,JN.1,jn1_relaxed_renumberered.pdb,7zfb_omi18_JN1,"1,2,3,25,26,27,28,32,33,51,52,53,54,55,56,57,72,73,74,75,76,77,98,99,100,103,104,1023,1024,1025,1026,1027,1028,1029,1030,1031,1032,1047,1048,1049,1050,1051,1052,1053,1054,1055,1056,1057,1058,1059,1060,1061,1066,1067,1068,1069,1089,1090,1091,1092,1093,1094,1095,1096,1097,1098,1099","403, 420, 421,  460, 473, 475, 486, 504",Yes,1,313900-7zfb_omi18_JN1.tgz,-117.9,6.6,102,4.2,0.1,-81.8,4.1,-289.8,37.9,-17.7,4.4,394.6,43.5,2533.3,61,-1.2,-15.2,7.30E-12,-15.2,2.00E-11
omi-18,7zfb-omi18-JK.pdb,XBB.1.5,XBB.1.5,XBB15_af284_relaxed_rank_1_model_1_renumbered.pdb,7zfb_omi18_XBB15,"1,2,3,25,26,27,28,32,33,51,52,53,54,55,56,57,72,73,74,75,76,77,98,99,100,103,104,1023,1024,1025,1026,1027,1028,1029,1030,1031,1032,1047,1048,1049,1050,1051,1052,1053,1054,1055,1056,1057,1058,1059,1060,1061,1066,1067,1068,1069,1089,1090,1091,1092,1093,1094,1095,1096,1097,1098,1099","403, 420, 421, 455, 473, 475, 487, 505",Yes,2,308768-7zfb_omi18_XBB15.tgz,-118.3,3.8,27,0.5,0.3,-88.8,5.3,-261,10.3,-19.3,2.9,420.4,65.2,2496.2,16.2,-1.3,-13.3,1.70E-10,-13.3,4.00E-10
CV2.1169,7qez_antibody.pdb,WT,WT,7qez_rbd.pdb,7qez_default,"26, 27, 28, 29, 30, 31, 32, 33, 52, 53, 54, 55, 56, 57, 58, 73, 74, 75, 76, 77, 98, 99, 100, 101, 102, 103, 104, 105, 106, 107, 108, 109, 110, 111, 112, 1032, 1033, 1034, 1049, 1050, 1051, 1052, 1053, 1054, 1055, 1056, 1057, 1058, 1059, 1060, 1061, 1062, 1063, 1064, 1091, 1092, 1093, 1094, 1095, 1096, 1097, 1098","473, 475, 477, 478, 487, 493",Yes,2,308769-7qez_default.tgz,-79.2,4.4,28,17.9,0.1,-60.1,3.2,-167.3,9.5,-29.8,1.3,442,41.5,1809.4,81,-0.8,-12.7,4.90E-10,-12.7,1.10E-09
CV2.1169,7qez_antibody.pdb,BA.1/B.1.1.529,BA.1/B.1.1.529,BA_1_7ykj_default.pdb,7qez_BA1,"26, 27, 28, 29, 30, 31, 32, 33, 52, 53, 54, 55, 56, 57, 58, 73, 74, 75, 76, 77, 98, 99, 100, 101, 102, 103, 104, 105, 106, 107, 108, 109, 110, 111, 112, 1032, 1033, 1034, 1049, 1050, 1051, 1052, 1053, 1054, 1055, 1056, 1057, 1058, 1059, 1060, 1061, 1062, 1063, 1064, 1091, 1092, 1093, 1094, 1095, 1096, 1097, 1098","473, 475, 487",Yes,5,308770-7qez_BA1.tgz,-74.6,7.1,13,0.7,0.5,-60.8,4.8,-182.7,14.9,-31.4,1.1,541.2,83.3,2012.2,27.8,-1.8,-11.4,4.70E-09,-11.4,9.90E-09
CV2.1169,7qez_antibody.pdb,BA.2,BA.2,BA_2_renumbered_and_relaxed.pdb,7qez_BA2,"26, 27, 28, 29, 30, 31, 32, 33, 52, 53, 54, 55, 56, 57, 58, 73, 74, 75, 76, 77, 98, 99, 100, 101, 102, 103, 104, 105, 106, 107, 108, 109, 110, 111, 112, 1032, 1033, 1034, 1049, 1050, 1051, 1052, 1053, 1054, 1055, 1056, 1057, 1058, 1059, 1060, 1061, 1062, 1063, 1064, 1091, 1092, 1093, 1094, 1095, 1096, 1097, 1098","473, 475, 487",Yes,1,308771-7qez_BA2.tgz,-80.4,0.6,67,1.6,0.9,-60.9,2.6,-214,3.8,-23.1,2.3,463.9,35.2,2056.4,114.3,-1.6,-13.1,2.30E-10,-13.1,5.50E-10
CV2.1169,7qez_antibody.pdb,BA.2.86,BA.2.86,updated_BA286_relaxed_renumbered_updated.pdb,7qez_BA286,"26, 27, 28, 29, 30, 31, 32, 33, 52, 53, 54, 55, 56, 57, 58, 73, 74, 75, 76, 77, 98, 99, 100, 101, 102, 103, 104, 105, 106, 107, 108, 109, 110, 111, 112, 1032, 1033, 1034, 1049, 1050, 1051, 1052, 1053, 1054, 1055, 1056, 1057, 1058, 1059, 1060, 1061, 1062, 1063, 1064, 1091, 1092, 1093, 1094, 1095, 1096, 1097, 1098","473, 475, 486, 492",Yes,1,313901-CV2_1169_BA286.tgz ,-94.7,4.1,118,1.1,0.7,-67.7,1.6,-251.9,18.6,-19.2,1.5,425.3,27.2,1886.9,71.3,-1,-12.7,5.00E-10,-12.7,1.10E-09
CV2.1169,7qez_antibody.pdb,JN.1,JN.1,jn1_relaxed_renumberered.pdb,7qez_JN1,"26, 27, 28, 29, 30, 31, 32, 33, 52, 53, 54, 55, 56, 57, 58, 73, 74, 75, 76, 77, 98, 99, 100, 101, 102, 103, 104, 105, 106, 107, 108, 109, 110, 111, 112, 1032, 1033, 1034, 1049, 1050, 1051, 1052, 1053, 1054, 1055, 1056, 1057, 1058, 1059, 1060, 1061, 1062, 1063, 1064, 1091, 1092, 1093, 1094, 1095, 1096, 1097, 1098","473, 475, 486, 492",Yes,3, 313902-CV2_1169_JN1 ,-112.8,1.7,10,0.4,0.3,-80.6,3.5,-230,21.4,-22.3,4.3,360.3,57.2,2478.1,78.3,-1.3,-14.1,4.70E-11,-14.1,1.20E-10
CV2.1169,7qez_antibody.pdb,XBB.1.5,XBB.1.5,XBB15_af284_relaxed_rank_1_model_1_renumbered.pdb,7qez_XBB15,"26, 27, 28, 29, 30, 31, 32, 33, 52, 53, 54, 55, 56, 57, 58, 73, 74, 75, 76, 77, 98, 99, 100, 101, 102, 103, 104, 105, 106, 107, 108, 109, 110, 111, 112, 1032, 1033, 1034, 1049, 1050, 1051, 1052, 1053, 1054, 1055, 1056, 1057, 1058, 1059, 1060, 1061, 1062, 1063, 1064, 1091, 1092, 1093, 1094, 1095, 1096, 1097, 1098","473, 475, 487, 493",Yes,4,308773-7qez_XBB15.tgz,-81.8,7,6,1,0.6,-65.4,6.9,-175.7,13.1,-15,1.9,337.2,40.5,2052.8,39.7,-1.6,-13,3.00E-10,-13,7.00E-10