6-2C,7x2h_chainsHL_renumberedDplus1000.pdb,BA.2.86,BA.2.86,BA_286_relaxed_renumbered.pdb,New,7z2h-BA_2_86_UPDATED_1,"26,27,28,29,30,31,32,
1091,1092,1093,1094,1095","343,372,373,436,439,440,444,499'",Yes,3,272227-7z2h-BA_2_86_UPDATED_1.tgz,-95.2,-3.2,18,0.5,0.4,-84.5,2.6,-158.2,13.5,-29,2.3,499.9,15.46,2103.7,27.8,-1.6,-12,1.5E-09,-12,3.2E-09
6-2C,7x2h_chainsHL_renumberedDplus1000.pdb,BA.2,BA.2,BA_2_renumbered_and_relaxed.pdb,,7z2h_BA2_UPDATED1,"26,27,28,29,30,31,32,
P3E6,7ykj_bivalent.pdb,BA.2,BA.2,BA_2_renumbered_and_relaxed.pdb,,BA_2_7ykj_updated,"26,27,28,29,30,31,32,33,52,53,54,55,56,57,73,74,75,76,77,100,101,102,103,104,105,106,107,1025,1026,1027,1028,1029,1030,1031,1032,1051,1052,1053,1069,1070,1089,1090,1091,1092,1093,1094,1095,1096,1097","500,439,443,444,440,345'",Yes,2,273964-BA_2_7ykj_updated.tgz,-77.9,6.1,40,0.9,0.5,-54.2,4.1,-238.9,15.9,-0.6,3.9,247,45.45,1614.1,24.9,-1.6,-11.2,6.1E-09,-11.2,1.3E-08
P3E6,7ykj_bivalent.pdb,BA.2.86,BA.2.86,BA_286_relaxed_renumbered.pdb,,BA_286_7ykj_updated,"26,27,28,29,30,31,32,33,52,53,54,55,56,57,73,74,75,76,77,100,101,102,103,104,105,106,107,1025,1026,1027,1028,1029,1030,1031,1032,1051,1052,1053,1069,1070,1089,1090,1091,1092,1093,1094,1095,1096,1097","497, 438, 442, 443, 439, 345'",Yes,7,273965-BA_286_7ykj_updated.tgz,-70.6,3.5,9,8.1,0.2,-52.4,9.2,-193.4,21.3,-4.3,1.7,248.8,54.02,1555.4,123.3,-1.2,-12.2,1.2E-09,-12.2,2.6E-09
10-5B,7xd2_renumbered.pdb,BA.2,BA.2,BA_2_renumbered_and_relaxed.pdb,,7x2d_BA2,"3,4,24,25,26,27,28,29,30,31,32,50,51,52,53,54,70,71,72,73,74,95,96,97,98,99,100,101,102,103,104,105,106,107, 1026,1027,1028,1029,1030,1031,1032,1033,1034,1035,1049,1050,1052,1053,1054,1055,1056,1057,1058,1059,1091,1092,1093,1094'","485,489,494'",Yes,10,274244-7x2d_BA2.tgz,-101.5,10.1,4,0.7,0.4,-70.6,3.7,-198.3,13.1,-20.9,3.1,297.4,43.02,2383.7,79.4,-1.4,-14.4,2.9E-11,-14.4,7.3E-11
10-5B,7xd2_renumbered.pdb,BA.2.86,BA.2.86,BA_286_relaxed_renumbered.pdb,,7xd2_BA286,"3,4,24,25,26,27,28,29,30,31,32,50,51,52,53,54,70,71,72,73,74,95,96,97,98,99,100,101,102,103,104,105,106,107, 1026,1027,1028,1029,1030,1031,1032,1033,1034,1035,1049,1050,1052,1053,1054,1055,1056,1057,1058,1059,1091,1092,1093,1094'","482,486,491",Yes,1,275384-7xd2_BA286.tar,-128,2.9,56,0.7,0.6,-79.8,6.8,-255.4,38.8,-28.4,1.3,313.6,37.76,2355,85.1,-2.5,-13.7,9E-11,-13.7,2.2E-10
C105,6xcn_AB_clean_cut.pdb,BA.2,BA.2,BA_2_renumbered_and_relaxed.pdb,,6xcn_BA2,"26,27,28,29,30,31,32,33,52,53,54,59,60,61,62,63,64,65,66,67,71,72,73,74,75,94,95,96,97,98,99,100,101,1026,1027,1028,1029,1030,1031,1032,1050,1051,1052,1053,1054,1055,1068,1069, 1090,1091,1092,1093,1094,1095'","405,415,421,457,460,473, 502'",Yes,2,278153-6xcn_BA2.tar,-120.1,7.9,32,1.5,1,-90.6,4.4,-166.9,14.3,-28.5,1.9,324.4,33.2,2535,84.7,-1.5,-14,5.6E-11,-14,1.4E-10
C105,6xcn_AB_clean_cut.pdb,BA.2.86,BA.2.86,BA_286_relaxed_renumbered.pdb,,6xcn_BA286,"26,27,28,29,30,31,32,33,52,53,54,59,60,61,62,63,64,65,66,67,71,72,73,74,75,94,95,96,97,98,99,100,101,1026,1027,1028,1029,1030,1031,1032,1050,1051,1052,1053,1054,1055,1068,1069, 1090,1091,1092,1093,1094,1095'","405, 414, 420, 456, 459, 472,499",Yes,2,278158-6xcn_BA286.tgz,-118.7,8.3,41,1.5,1,-86.3,6.3,-161.7,22.1,-38.9,2.2,388.6,118.92,2325.9,89.6,-1.4,-11.7,2.7E-09,-11.7,5.7E-09
C102,7k8m_AB_clean.pdb,BA.2,BA.2,BA_2_renumbered_and_relaxed.pdb,,7k8m_BA2,"1,2,25,26,27,28,29,30,31,32,33,53,54,60,61,62,63,64,65,66,72,73,74,75,76,94,95,96,97,98,99,100,1026,1027,1028,1029,1030,1031,1032,1050,1051,1052,1053,1054,1055,1056,1057,1058,1059,1060,1061,1062,1066,1067,1068,1092,1093,1094,1095,1096,1097'","417, 420, 421, 453, 455, 457, 458, 473, 475, 489, 502'",Yes,1,278858-7k8m_BA2.tar,-103.6,2.6,39,4.7,0.3,-87.2,4.7,-103.8,16,-30.7,4.7,350.9,43.27,2436.9,60,-1.3,-14,5.8E-11,-14,1.5E-10
C102,7k8m_AB_clean.pdb,BA.2.86,BA.2.86,BA_286_relaxed_renumbered.pdb,,7k8m_BA286,"1,2,25,26,27,28,29,30,31,32,33,53,54,60,61,62,63,64,65,66,72,73,74,75,76,94,95,96,97,98,99,100,1026,1027,1028,1029,1030,1031,1032,1050,1051,1052,1053,1054,1055,1056,1057,1058,1059,1060,1061,1062,1066,1067,1068,1092,1093,1094,1095,1096,1097'","416, 419, 420, 452, 454, 456, 457, 472, 474, 486, 499'",Yes,7,278859-7k8m_BA286.tar,-104.4,11.9,7,15.5,0.1,-86.9,11.4,-164.9,14.2,-24.7,4.6,402.2,105.03,2444.6,131,-1.3,-12.4,8.4E-10,-12.4,1.9E-09
P2D9,8dw9_cleaned_renum_AB.pdb,BA.2,BA.2,BA_2_renumbered_and_relaxed.pdb,,8dw9_BA2,"27,28,29,30,31,32,33, 52,53,54,55,56,57,58,59,60,61,62,63,64,65, 95,96,97,98,99,100, 1001, 1002, 1027, 1028, 1029, 1030, 1031, 1032, 1050,1051,1052,1053,1054,1055,1056,1057,1058,1059,1060,1065,1066,1067,1068,1069,1091,1092,1093,1094,1095,1096' 1050,1051,1052,1053,1054,1055,1056,1057,1058,1059,1060,1065,1066,1067,1068,1069,1091,1092,1093,1094,1095,1096'","343, 344, 346, 440'",Yes,1,279802-8dw9_BA2.tar,-88.2,1.6,98,1,0.7,-70.1,2.9,-204.9,35.2,-14.7,1.6,375.1,46.28,2077.1,56.6,-1.6,-12.2,1.1E-09,-12.2,2.4E-09
P2D9,8dw9_cleaned_renum_AB.pdb,BA.2.86,BA.2.86,BA_286_relaxed_renumbered.pdb,,8dw9_BA286,"27,28,29,30,31,32,33, 52,53,54,55,56,57,58,59,60,61,62,63,64,65, 95,96,97,98,99,100, 1001, 1002, 1027, 1028, 1029, 1030, 1031, 1032, 1050,1051,1052,1053,1054,1055,1056,1057,1058,1059,1060,1065,1066,1067,1068,1069,1091,1092,1093,1094,1095,1096' 1050,1051,1052,1053,1054,1055,1056,1057,1058,1059,1060,1065,1066,1067,1068,1069,1091,1092,1093,1094,1095,1096'","343,344,439'",Yes,1,279803-8dw9_BA286.tar,-85.1,3.1,91,0.4,0.3,-56.8,1.9,-268.6,19.1,-13.8,3.5,392.4,22.89,1731.1,36.8,-1.9,-11.4,4.5E-09,-11.4,9.5E-09
XGv282,7WLC_antibodies.pdb,BA.2,BA.2,7WLC_spike.pdb,,submit_7WLC,"25, 26, 27, 28, 29, 30, 31, 32, 33, 34, 51, 52, 53, 54, 55, 56, 57, 58, 73, 74, 75, 76, 77, 78, 98, 99, 100, 101, 102, 103, 104, 105, 106, 107, 108, 1024, 1025, 1026, 1027, 1028, 1029, 1030, 1031, 1032, 1033, 1034, 1035, 1036, 1037, 1038, 1093, 1094, 1095, 1096, 1097, 1098","444, 445",Yes,1,280114-submit_7WLC.tgz,-74.8,1.6,154,15.7,0.3,-53,5.5,-199.7,43.5,-21.7,4.9,397.9,60.1,1681,27.7,-1.3,-11,8.7E-09,-11,1.8E-08
XGv282,7WLC_antibodies.pdb,BA.2.86,BA.2.86,BA_286_relaxed_renumbered.pdb,,7WLC_BA286,"25, 26, 27, 28, 29, 30, 31, 32, 33, 34, 51, 52, 53, 54, 55, 56, 57, 58, 73, 74, 75, 76, 77, 78, 98, 99, 100, 101, 102, 103, 104, 105, 106, 107, 108, 1024, 1025, 1026, 1027, 1028, 1029, 1030, 1031, 1032, 1033, 1034, 1035, 1036, 1037, 1038, 1093, 1094, 1095, 1096, 1097, 1098","445, 446",Yes,4,284907-7WLC_BA286.tgz,-93.7,2.1,17,9.7,0.3,-52.4,5.5,-276.6,14,-14.9,4.1,289.3,60.7,1592.4,121.7,-1.3,-10.5,2E-08,-10.5,3.9E-08
