ACE-2,6m0j_ACE2_UPDATED.pdb,BA.2,BA.2,BA_2_renumbered_and_relaxed.pdb,6M0J_ACE2_BA2,"24,30,35,37,38,41,42,83,353'","417,446,449,487,493,496,498,500,501,502,505'",Yes,6,276103-6M0J_ACE2_BA2.tgz,-112.1,7.2,8,0.8,0.7,-36.5,5.2,-342.4,37.2,-9.1,2.1,18.9,15.79,1852.2,63.8,-2,-10.4,2.40E-08,-10.4,4.70E-08
ACE-2,6m0j_ACE2_UPDATED.pdb,BA.2.86,BA.2.86,BA_286_relaxed_renumbered.pdb,6M0J_ACE2_BA286,"24,30,35,37,38,41,42,83,353'","416, 448, 484, 490, 493, 499'",YES,3,284375-6M0J_BA286.tgz,-115.1,4,26,1,0.7,-60.5,2.2,-209.1,41.6,-13.8,2.8,9.4,15.47,1657.8,25.6,-2,-11.2,6.50E-09,-11.2,1.30E-08
ACE-2,7a98_ACE2.pdb,BA.2,BA.2,BA_2_renumbered_and_relaxed.pdb,7a98_BA2,"31,38,41,83'","449,489,490,493,500'",Yes,1,280603-7a98_BA2.tar,-100.5,2.5,44,0.5,0.3,-56.1,5.4,-135.9,19.4,-17.6,0.8,3.3,1.48,1858.3,46.1,-2.2,-11.5,3.40E-09,-11.5,7.20E-09
ACE-2,7a98_ACE2.pdb,BA.2.86,BA.2.86,BA_286_relaxed_renumbered.pdb,7a98_BA286,"31,38,41,83'","448, 486, 487, 490, 497'",Yes,5,283039-7a98_BA286.tar,-106,10.1,11,12.4,0.2,-51.7,2.5,-195,55,-15.7,2.3,3.8,3.75,1783,100.8,-1.8,-8.7,4.00E-07,-8.7,7.10E-07
ACE-2,7YJ3_ACE2.pdb,BA.2,BA.2,7YJ3_RBD.pdb,7YJ3_ACE2,"19, 24, 35, 38, 41, 42, 83, 353, 355, 357","449, 477, 487, 493, 498, 500, 502",Yes,1,281349-7YJ3_ACE2.tgz,-133,2,194,0.9,0.7,-63.3,4.1,-197.7,20.4,-30.2,1.7,0.1,0.2,1681.4,30,0,-11.5,3.50E-09,-11.5,7.50E-09
ACE-2,7YJ3_ACE2.pdb,BA.2.86,BA.2.86,BA_286_relaxed_renumbered.pdb,7YJ3_BA286,"19, 24, 35, 38, 41, 42, 83, 353, 355, 357","449, 477, 487, 493, 498, 500, 502",Yes,3,281662-7YJ3_BA286.tgz,-103.9,4.4,14,7.7,0.2,-41.9,3.6,-230.4,17.6,-22.4,4,64.3,21.4,1532.1,96.7,-1.2,-9.2,1.80E-07,-9.2,3.30E-07
ACE-2,8SPI_ACE2_chainA.pdb,BA.2,BA.2,BA_2_renumbered_and_relaxed.pdb,8SPI_BA2,"19, 24, 31, 38, 41, 42, 83, 325, 353, 355, 357","449, 475, 487, 489, 498, 500, 501, 502",Yes,3,282122-8SPI_BA2.tgz,-125.9,8.7,21,0.9,0.7,-57.1,6.8,-384.4,41.4,3.8,4,42.2,27.2,2055.9,107.7,-2.2,-13.8,7.30E-11,-13.8,1.80E-10
ACE-2,8SPI_ACE2_chainA.pdb,BA.2.86,BA.2.86,BA_286_relaxed_renumbered.pdb,8SPI_BA286,"19, 24, 31, 38, 41, 42, 83, 325, 353, 355, 357","448,474, 495, 497, 498, 499",Yes,1,282126-8SPI_BA286.tgz,-120.7,6.8,91,0.9,0.6,-64.6,5.5,-216.7,27,-14,2.4,11.9,15.3,1889.8,74.3,-1.6,-12.8,4.30E-10,-12.8,1.00E-09
ACE-2',7df4_ACE2.pdb,BA.2,BA.2,BA_2_renumbered_and_relaxed.pdb,7df4_BA2,"19,34,41,83,353,355,393'","475,487,494,500,502'",Yes,12,284386-7df4_BA2.tar,-82.2,4.2,4,16,0.2,-52.2,4.2,-120.1,25.4,-11.4,3.1,54.2,43.1,1551.9,106.3,-1.3,-10.4,2.40E-08,-10.4,4.70E-08
ACE-2',7df4_ACE2.pdb,BA.2.86,BA.2.86,BA_286_relaxed_renumbered.pdb,7df4_BA286,"19,34,41,83,353,355,393'","474, 484, 491,497'",Yes,2,284420-7df4_BA286.tar,-105.4,4.7,24,0.5,0.3,-46.8,0.8,-199.7,15.1,-21.1,3.4,23.8,13.83,1722,40.9,-1.7,-10.5,2.20E-08,-10.5,4.30E-08
6-2C,7x2h_chainsHL_renumberedDplus1000.pdb,BA.2.86,BA.2.86,BA_286_relaxed_renumbered.pdb,New,7z2h-BA_2_86_UPDATED_1,"26,27,28,29,30,31,32,
1091,1092,1093,1094,1095","343,372,373,436,439,440,444,499'",Yes,3,272227-7z2h-BA_2_86_UPDATED_1.tgz,-95.2,-3.2,18,0.5,0.4,-84.5,2.6,-158.2,13.5,-29,2.3,499.9,15.46,2103.7,27.8,-1.6,-12,1.5E-09,-12,3.2E-09
6-2C,7x2h_chainsHL_renumberedDplus1000.pdb,BA.2,BA.2,BA_2_renumbered_and_relaxed.pdb,,7z2h_BA2_UPDATED1,"26,27,28,29,30,31,32,
P3E6,7ykj_bivalent.pdb,BA.2,BA.2,BA_2_renumbered_and_relaxed.pdb,,BA_2_7ykj_updated,"26,27,28,29,30,31,32,33,52,53,54,55,56,57,73,74,75,76,77,100,101,102,103,104,105,106,107,1025,1026,1027,1028,1029,1030,1031,1032,1051,1052,1053,1069,1070,1089,1090,1091,1092,1093,1094,1095,1096,1097","500,439,443,444,440,345'",Yes,2,273964-BA_2_7ykj_updated.tgz,-77.9,6.1,40,0.9,0.5,-54.2,4.1,-238.9,15.9,-0.6,3.9,247,45.45,1614.1,24.9,-1.6,-11.2,6.1E-09,-11.2,1.3E-08
P3E6,7ykj_bivalent.pdb,BA.2.86,BA.2.86,BA_286_relaxed_renumbered.pdb,,BA_286_7ykj_updated,"26,27,28,29,30,31,32,33,52,53,54,55,56,57,73,74,75,76,77,100,101,102,103,104,105,106,107,1025,1026,1027,1028,1029,1030,1031,1032,1051,1052,1053,1069,1070,1089,1090,1091,1092,1093,1094,1095,1096,1097","497, 438, 442, 443, 439, 345'",Yes,7,273965-BA_286_7ykj_updated.tgz,-70.6,3.5,9,8.1,0.2,-52.4,9.2,-193.4,21.3,-4.3,1.7,248.8,54.02,1555.4,123.3,-1.2,-12.2,1.2E-09,-12.2,2.6E-09
10-5B,7xd2_renumbered.pdb,BA.2,BA.2,BA_2_renumbered_and_relaxed.pdb,,7x2d_BA2,"3,4,24,25,26,27,28,29,30,31,32,50,51,52,53,54,70,71,72,73,74,95,96,97,98,99,100,101,102,103,104,105,106,107, 1026,1027,1028,1029,1030,1031,1032,1033,1034,1035,1049,1050,1052,1053,1054,1055,1056,1057,1058,1059,1091,1092,1093,1094'","485,489,494'",Yes,10,274244-7x2d_BA2.tgz,-101.5,10.1,4,0.7,0.4,-70.6,3.7,-198.3,13.1,-20.9,3.1,297.4,43.02,2383.7,79.4,-1.4,-14.4,2.9E-11,-14.4,7.3E-11
10-5B,7xd2_renumbered.pdb,BA.2.86,BA.2.86,BA_286_relaxed_renumbered.pdb,,7xd2_BA286,"3,4,24,25,26,27,28,29,30,31,32,50,51,52,53,54,70,71,72,73,74,95,96,97,98,99,100,101,102,103,104,105,106,107, 1026,1027,1028,1029,1030,1031,1032,1033,1034,1035,1049,1050,1052,1053,1054,1055,1056,1057,1058,1059,1091,1092,1093,1094'","482,486,491",Yes,1,275384-7xd2_BA286.tar,-128,2.9,56,0.7,0.6,-79.8,6.8,-255.4,38.8,-28.4,1.3,313.6,37.76,2355,85.1,-2.5,-13.7,9E-11,-13.7,2.2E-10
C105,6xcn_AB_clean_cut.pdb,BA.2,BA.2,BA_2_renumbered_and_relaxed.pdb,,6xcn_BA2,"26,27,28,29,30,31,32,33,52,53,54,59,60,61,62,63,64,65,66,67,71,72,73,74,75,94,95,96,97,98,99,100,101,1026,1027,1028,1029,1030,1031,1032,1050,1051,1052,1053,1054,1055,1068,1069, 1090,1091,1092,1093,1094,1095'","405,415,421,457,460,473, 502'",Yes,2,278153-6xcn_BA2.tar,-120.1,7.9,32,1.5,1,-90.6,4.4,-166.9,14.3,-28.5,1.9,324.4,33.2,2535,84.7,-1.5,-14,5.6E-11,-14,1.4E-10
C105,6xcn_AB_clean_cut.pdb,BA.2.86,BA.2.86,BA_286_relaxed_renumbered.pdb,,6xcn_BA286,"26,27,28,29,30,31,32,33,52,53,54,59,60,61,62,63,64,65,66,67,71,72,73,74,75,94,95,96,97,98,99,100,101,1026,1027,1028,1029,1030,1031,1032,1050,1051,1052,1053,1054,1055,1068,1069, 1090,1091,1092,1093,1094,1095'","405, 414, 420, 456, 459, 472,499",Yes,2,278158-6xcn_BA286.tgz,-118.7,8.3,41,1.5,1,-86.3,6.3,-161.7,22.1,-38.9,2.2,388.6,118.92,2325.9,89.6,-1.4,-11.7,2.7E-09,-11.7,5.7E-09
C102,7k8m_AB_clean.pdb,BA.2,BA.2,BA_2_renumbered_and_relaxed.pdb,,7k8m_BA2,"1,2,25,26,27,28,29,30,31,32,33,53,54,60,61,62,63,64,65,66,72,73,74,75,76,94,95,96,97,98,99,100,1026,1027,1028,1029,1030,1031,1032,1050,1051,1052,1053,1054,1055,1056,1057,1058,1059,1060,1061,1062,1066,1067,1068,1092,1093,1094,1095,1096,1097'","417, 420, 421, 453, 455, 457, 458, 473, 475, 489, 502'",Yes,1,278858-7k8m_BA2.tar,-103.6,2.6,39,4.7,0.3,-87.2,4.7,-103.8,16,-30.7,4.7,350.9,43.27,2436.9,60,-1.3,-14,5.8E-11,-14,1.5E-10
C102,7k8m_AB_clean.pdb,BA.2.86,BA.2.86,BA_286_relaxed_renumbered.pdb,,7k8m_BA286,"1,2,25,26,27,28,29,30,31,32,33,53,54,60,61,62,63,64,65,66,72,73,74,75,76,94,95,96,97,98,99,100,1026,1027,1028,1029,1030,1031,1032,1050,1051,1052,1053,1054,1055,1056,1057,1058,1059,1060,1061,1062,1066,1067,1068,1092,1093,1094,1095,1096,1097'","416, 419, 420, 452, 454, 456, 457, 472, 474, 486, 499'",Yes,7,278859-7k8m_BA286.tar,-104.4,11.9,7,15.5,0.1,-86.9,11.4,-164.9,14.2,-24.7,4.6,402.2,105.03,2444.6,131,-1.3,-12.4,8.4E-10,-12.4,1.9E-09
P2D9,8dw9_cleaned_renum_AB.pdb,BA.2,BA.2,BA_2_renumbered_and_relaxed.pdb,,8dw9_BA2,"27,28,29,30,31,32,33, 52,53,54,55,56,57,58,59,60,61,62,63,64,65, 95,96,97,98,99,100, 1001, 1002, 1027, 1028, 1029, 1030, 1031, 1032, 1050,1051,1052,1053,1054,1055,1056,1057,1058,1059,1060,1065,1066,1067,1068,1069,1091,1092,1093,1094,1095,1096' 1050,1051,1052,1053,1054,1055,1056,1057,1058,1059,1060,1065,1066,1067,1068,1069,1091,1092,1093,1094,1095,1096'","343, 344, 346, 440'",Yes,1,279802-8dw9_BA2.tar,-88.2,1.6,98,1,0.7,-70.1,2.9,-204.9,35.2,-14.7,1.6,375.1,46.28,2077.1,56.6,-1.6,-12.2,1.1E-09,-12.2,2.4E-09
P2D9,8dw9_cleaned_renum_AB.pdb,BA.2.86,BA.2.86,BA_286_relaxed_renumbered.pdb,,8dw9_BA286,"27,28,29,30,31,32,33, 52,53,54,55,56,57,58,59,60,61,62,63,64,65, 95,96,97,98,99,100, 1001, 1002, 1027, 1028, 1029, 1030, 1031, 1032, 1050,1051,1052,1053,1054,1055,1056,1057,1058,1059,1060,1065,1066,1067,1068,1069,1091,1092,1093,1094,1095,1096' 1050,1051,1052,1053,1054,1055,1056,1057,1058,1059,1060,1065,1066,1067,1068,1069,1091,1092,1093,1094,1095,1096'","343,344,439'",Yes,1,279803-8dw9_BA286.tar,-85.1,3.1,91,0.4,0.3,-56.8,1.9,-268.6,19.1,-13.8,3.5,392.4,22.89,1731.1,36.8,-1.9,-11.4,4.5E-09,-11.4,9.5E-09
XGv282,7WLC_antibodies.pdb,BA.2,BA.2,7WLC_spike.pdb,,submit_7WLC,"25, 26, 27, 28, 29, 30, 31, 32, 33, 34, 51, 52, 53, 54, 55, 56, 57, 58, 73, 74, 75, 76, 77, 78, 98, 99, 100, 101, 102, 103, 104, 105, 106, 107, 108, 1024, 1025, 1026, 1027, 1028, 1029, 1030, 1031, 1032, 1033, 1034, 1035, 1036, 1037, 1038, 1093, 1094, 1095, 1096, 1097, 1098","444, 445",Yes,1,280114-submit_7WLC.tgz,-74.8,1.6,154,15.7,0.3,-53,5.5,-199.7,43.5,-21.7,4.9,397.9,60.1,1681,27.7,-1.3,-11,8.7E-09,-11,1.8E-08
XGv282,7WLC_antibodies.pdb,BA.2.86,BA.2.86,BA_286_relaxed_renumbered.pdb,,7WLC_BA286,"25, 26, 27, 28, 29, 30, 31, 32, 33, 34, 51, 52, 53, 54, 55, 56, 57, 58, 73, 74, 75, 76, 77, 78, 98, 99, 100, 101, 102, 103, 104, 105, 106, 107, 108, 1024, 1025, 1026, 1027, 1028, 1029, 1030, 1031, 1032, 1033, 1034, 1035, 1036, 1037, 1038, 1093, 1094, 1095, 1096, 1097, 1098","445, 446",Yes,4,284907-7WLC_BA286.tgz,-93.7,2.1,17,9.7,0.3,-52.4,5.5,-276.6,14,-14.9,4.1,289.3,60.7,1592.4,121.7,-1.3,-10.5,2E-08,-10.5,3.9E-08
